name,price,images,Key Ingredients,Size
24-HR Synergy Duo,50.00,"https://cdn.shopify.com/s/files/1/0513/3775/6828/files/1210__5_800x1067_78ea57d3-d42a-44a0-b1cf-9a5394b0e15c.jpg?v=1765428396,https://cdn.shopify.com/s/files/1/0513/3775/6828/files/1210_2_5_800x1067_eb6e7863-1443-4675-9ed8-8dec79c46f41.jpg?v=1765428396,https://cdn.shopify.com/s/files/1/0513/3775/6828/files/1210___800x1067_34548f90-1e9a-4834-be64-25b729180616.jpg?v=1765428396,https://cdn.shopify.com/s/files/1/0513/3775/6828/files/24-hr-synergy-duo-cosrx-official-3.jpg?v=1765428396,https://cdn.shopify.com/s/files/1/0513/3775/6828/files/24-hr-synergy-duo-cosrx-official-5.jpg?v=1765428396,https://cdn.shopify.com/s/files/1/0513/3775/6828/files/24-hr-synergy-duo-cosrx-official-6.jpg?v=1765428396","for first-time retinol users just starting to notice the appearance of fine lines caused by dry skin. • The Hyaluronic Acid 3 Serum 20ml / 0.67 fl. oz Highly concentrated 3% hyaluronic acid serum that hydrates, plumps, soothes and supports the skin's moisture barrier INGREDIENTS Check out the product detail pages : • The Hyaluronic Acid 3 Serum → • The Niacinamide 15 Serum → • The Vitamin C 23 Serum → • The Retinol 0.5 Oil → • The Retinol 0.1 Cream →",
5 Peptide B5 Sensitive Repair Salve Lip Balm,15.00,"https://cdn.shopify.com/s/files/1/0513/3775/6828/files/5PeptideLipBalm.jpg?v=1785740740,https://cdn.shopify.com/s/files/1/0513/3775/6828/files/800x1067_Lip-Balm_01.jpg?v=1787018566,https://cdn.shopify.com/s/files/1/0513/3775/6828/files/800x1067_Lip-Balm_02.jpg?v=1787018566,https://cdn.shopify.com/s/files/1/0513/3775/6828/files/800x1067_Lip-Balm_03.jpg?v=1787018566,https://cdn.shopify.com/s/files/1/0513/3775/6828/files/800x1067_Lip-Balm_04.jpg?v=1787018566,https://cdn.shopify.com/s/files/1/0513/3775/6828/files/800x1067_Lip-Balm_05.jpg?v=1787018567,https://cdn.shopify.com/s/files/1/0513/3775/6828/files/800x1067_Lip-Balm_06.jpg?v=1787018566,https://cdn.shopify.com/s/files/1/0513/3775/6828/files/800x1067_Lip-Balm_07.jpg?v=1787018566",": 5 Peptide Complex + Pantenol (Vitamin B5) 5% + Shea Butter 10% Size: 12g / 0.42 oz. $15.00 Default Title Sold out Shop easier with Thanks for signing up for restock notifications! There was an error signing up for restock notifications. Please try again. NOTIFY WHEN AVAILABLE Notify Me Keep me up to date with news and exclusive offers Share Translation missing: en.general.social.share_on_x Pinterest Pin it Instagram Translation missing: en.general.social.share_on_instagram Translation missing: en.general.social.share_on_tiktok Translation missing: en.general.social.share_on_linkedin DETAILS BENEFITS • Firms and repairs weakened, fragile lips while soothing sensitivity • Creates a rich moisture shield to keep lips soft and hydrated • Unique 2-step salve absorbs deeply, then seals in moisture with a comfortable, protective coating • Vegan, fragrance-free & dye-free formula gentle enough for sensitive lips • Convenient balm format for easy, on-the-go application anytime TARGETS • Dry, Sensitive Lips • Weakened, Fragile Lips Prone to Irritation • Lips in Need of Soothing & Barrier Repair • Those Seeking a Mild, Fragrance-Free Daily Lip Balm • Lips That Need Frequent Reapplication Throughout the Day HOW TO USE Apply to dry, sensitive lips as often as needed throughout the day. *Cautions* 1. If abnormal symptoms or side effects such as redness, swelling, or itching occur on the applied area due to direct sunlight during or after use, consult a dermatologist or specialist. 2. Avoid use on areas with wounds or damaged skin. 3. Storage and handling precautions a) Keep out of reach of children. b) Store away from direct sunlight. INGREDIENTS KEY INGREDIENTS • 5 Peptide Complex: A powerful blend of 5 peptides that works together to firm, smooth, and revitalize lips — targeting volume, elasticity, texture, and hydration for visibly healthier-looking lips. • Panthenol (B5) 5%: A high concentration of this pro-vitamin B5 that soothes and protects sensitive, dry lips, easing irritation and supporting a calmer lip barrier. • Shea Butter 10%: A rich concentration that forms a nourishing moisture seal on the lips, keeping them soft and comfortable for longer.",
5 Peptide Ceramide Barrier Comfort Lip Mask,15.00,"https://cdn.shopify.com/s/files/1/0513/3775/6828/files/5PeptideLipMask.jpg?v=1785740788,https://cdn.shopify.com/s/files/1/0513/3775/6828/files/800x1067_Lip-Mask_01.jpg?v=1787018643,https://cdn.shopify.com/s/files/1/0513/3775/6828/files/800x1067_Lip-Mask_02.jpg?v=1787018643,https://cdn.shopify.com/s/files/1/0513/3775/6828/files/800x1067_Lip-Mask_03.jpg?v=1787018643,https://cdn.shopify.com/s/files/1/0513/3775/6828/files/800x1067_Lip-Mask_04.jpg?v=1787018643,https://cdn.shopify.com/s/files/1/0513/3775/6828/files/800x1067_Lip-Mask_05.jpg?v=1787018644,https://cdn.shopify.com/s/files/1/0513/3775/6828/files/800x1067_Lip-Mask_06.jpg?v=1787018644,https://cdn.shopify.com/s/files/1/0513/3775/6828/files/800x1067_Lip-Mask_07.jpg?v=1787018644",": 5 Peptide Complex + Ceramide Size: 12g / 0.42 oz. $15.00 Default Title Sold out Shop easier with Thanks for signing up for restock notifications! There was an error signing up for restock notifications. Please try again. NOTIFY WHEN AVAILABLE Notify Me Keep me up to date with news and exclusive offers Share Translation missing: en.general.social.share_on_x Pinterest Pin it Instagram Translation missing: en.general.social.share_on_instagram Translation missing: en.general.social.share_on_tiktok Translation missing: en.general.social.share_on_linkedin DETAILS BENEFITS • Smooths and firms dry, rough lips with a 5 Peptide & Ceramide double-care synergy • Forms a nourishing moisture film with Shea Butter, Murumuru Butter & Vitamin E for lasting hydration overnight • Softens flaky texture for a smoother lip surface by morning • Preps lips for smoother, longer-lasting lip makeup application • Convenient tube-type leave-on mask for easy use anytime, day or night TARGETS • Dry, Rough Lips • Flaky, Rough Lip Texture • Visible Lip Wrinkles & Reduced Firmness • Those Whose Lip Makeup Doesn't Apply Evenly Due to Flaky Skin • Lips Needing Intensive Overnight Care HOW TO USE Apply a proper amount evenly onto lips before bed. Leave on overnight and gently wipe away any excess the next morning. *Cautions* 1. If abnormal symptoms or side effects such as redness, swelling, or itching occur on the applied area due to direct sunlight during or after use, consult a dermatologist or specialist. 2. Avoid use on areas with wounds or damaged skin. 3. Storage and handling precautions a) Keep out of reach of children. b) Store away from direct sunlight. INGREDIENTS KEY INGREDIENTS • 5 Peptide Complex: A powerful blend of 5 peptides that works together to firm, smooth, and revitalize lips — targeting volume, elasticity, texture, and hydration for visibly healthier-looking lips. • Ceramide: A key lipid component of the lip's natural barrier that helps lock in moisture and strengthen the lip barrier overnight for enhanced barrier care. • Shea Butter & Murumuru Seed Butter: Forms a nourishing moisture film on the lips, helping to lock in hydration and keep lips feeling soft and supple.",
5 Peptide Collagen Tinted Lip Fill Treatment,16.00,"https://cdn.shopify.com/s/files/1/0513/3775/6828/files/5_Peptide_Lip_Treamtment_01_Strawberry.jpg?v=1785743776,https://cdn.shopify.com/s/files/1/0513/3775/6828/files/01_Strawberry_01.jpg?v=1787017035,https://cdn.shopify.com/s/files/1/0513/3775/6828/files/01_Strawberry_02.jpg?v=1787017035,https://cdn.shopify.com/s/files/1/0513/3775/6828/files/01_Strawberry_03.jpg?v=1787017035,https://cdn.shopify.com/s/files/1/0513/3775/6828/files/01_Strawberry_04.jpg?v=1787017035,https://cdn.shopify.com/s/files/1/0513/3775/6828/files/01_Strawberry_05.jpg?v=1787017035,https://cdn.shopify.com/s/files/1/0513/3775/6828/files/01_Strawberry_06.jpg?v=1787017035,https://cdn.shopify.com/s/files/1/0513/3775/6828/files/01_Strawberry_07.jpg?v=1787017035,https://cdn.shopify.com/s/files/1/0513/3775/6828/files/1_-_Pro-Capture_One_33414.jpg?v=1785205104,https://cdn.shopify.com/s/files/1/0513/3775/6828/files/1.Strawberry_cream_shape.jpg?v=1785139680,https://cdn.shopify.com/s/files/1/0513/3775/6828/files/5_Peptide_Lip_Treamtment_02_Pearl_sour_jelly.jpg?v=1785743775,https://cdn.shopify.com/s/files/1/0513/3775/6828/files/02_SourBerryJelly_01.jpg?v=1787042762,https://cdn.shopify.com/s/files/1/0513/3775/6828/files/02_SourBerryJelly_02.jpg?v=1787042763,https://cdn.shopify.com/s/files/1/0513/3775/6828/files/02_SourBerryJelly_03.jpg?v=1787042762,https://cdn.shopify.com/s/files/1/0513/3775/6828/files/02_SourBerryJelly_04.jpg?v=1787042763,https://cdn.shopify.com/s/files/1/0513/3775/6828/files/02_SourBerryJelly_05.jpg?v=1787042762,https://cdn.shopify.com/s/files/1/0513/3775/6828/files/02_SourBerryJelly_06.jpg?v=1787042762,https://cdn.shopify.com/s/files/1/0513/3775/6828/files/02_SourBerryJelly_07.jpg?v=1787042762,https://cdn.shopify.com/s/files/1/0513/3775/6828/files/2_Pro-Capture_One_33453.jpg?v=1785205118,https://cdn.shopify.com/s/files/1/0513/3775/6828/files/2.Pearl_sour_jelly_cream_shape_bfe8c36a-8004-4114-9af2-18fbdd2a8e17.jpg?v=1785139692,https://cdn.shopify.com/s/files/1/0513/3775/6828/files/5_Peptide_Lip_Treamtment_03_Peach.jpg?v=1785743775,https://cdn.shopify.com/s/files/1/0513/3775/6828/files/03Peach_01.jpg?v=1787042771,https://cdn.shopify.com/s/files/1/0513/3775/6828/files/03Peach_02.jpg?v=1787042771,https://cdn.shopify.com/s/files/1/0513/3775/6828/files/03Peach_03.jpg?v=1787042771,https://cdn.shopify.com/s/files/1/0513/3775/6828/files/03Peach_04.jpg?v=1787042771,https://cdn.shopify.com/s/files/1/0513/3775/6828/files/03Peach_05.jpg?v=1787042771,https://cdn.shopify.com/s/files/1/0513/3775/6828/files/03Peach_06.jpg?v=1787042771,https://cdn.shopify.com/s/files/1/0513/3775/6828/files/03Peach_07.jpg?v=1787042771,https://cdn.shopify.com/s/files/1/0513/3775/6828/files/3_Pro-Capture_One_33497.jpg?v=1785205126,https://cdn.shopify.com/s/files/1/0513/3775/6828/files/3.Peach_cream_shape_1cff843c-3f0f-460d-8f09-381efa69fd3f.jpg?v=1785139702,https://cdn.shopify.com/s/files/1/0513/3775/6828/files/5_Peptide_Lip_Treamtment_04_Cherry.jpg?v=1785743775,https://cdn.shopify.com/s/files/1/0513/3775/6828/files/04_Cherry_01.jpg?v=1787042778,https://cdn.shopify.com/s/files/1/0513/3775/6828/files/04_Cherry_02.jpg?v=1787042778,https://cdn.shopify.com/s/files/1/0513/3775/6828/files/04_Cherry_03.jpg?v=1787042778,https://cdn.shopify.com/s/files/1/0513/3775/6828/files/04_Cherry_04.jpg?v=1787042778,https://cdn.shopify.com/s/files/1/0513/3775/6828/files/04_Cherry_05.jpg?v=1787042778,https://cdn.shopify.com/s/files/1/0513/3775/6828/files/04_Cherry_06.jpg?v=1787042778,https://cdn.shopify.com/s/files/1/0513/3775/6828/files/04_Cherry_07.jpg?v=1787042778,https://cdn.shopify.com/s/files/1/0513/3775/6828/files/4_Pro-Capture_One_33557.jpg?v=1785205135,https://cdn.shopify.com/s/files/1/0513/3775/6828/files/4.Cherry_cream_shape_66cc5330-bd5e-4e63-a795-c35d3f62e996.jpg?v=1785139714,https://cdn.shopify.com/s/files/1/0513/3775/6828/files/5_Peptide_Lip_Treamtment_05_Cinamon.jpg?v=1785743775,https://cdn.shopify.com/s/files/1/0513/3775/6828/files/05_cinnamon_01.jpg?v=1787042782,https://cdn.shopify.com/s/files/1/0513/3775/6828/files/05_cinnamon_02.jpg?v=1787042782,https://cdn.shopify.com/s/files/1/0513/3775/6828/files/05_cinnamon_03.jpg?v=1787042782,https://cdn.shopify.com/s/files/1/0513/3775/6828/files/05_cinnamon_04.jpg?v=1787042782,https://cdn.shopify.com/s/files/1/0513/3775/6828/files/05_cinnamon_05.jpg?v=1787042782,https://cdn.shopify.com/s/files/1/0513/3775/6828/files/05_cinnamon_06.jpg?v=1787042782,https://cdn.shopify.com/s/files/1/0513/3775/6828/files/05_cinnamon_07.jpg?v=1787042782,https://cdn.shopify.com/s/files/1/0513/3775/6828/files/5_Pro-Capture_One_33664.jpg?v=1785205323,https://cdn.shopify.com/s/files/1/0513/3775/6828/files/5.Cinnamon_cream_shape_62c633e8-8760-4f44-8fcd-89b2b95a5991.jpg?v=1785139724,https://cdn.shopify.com/s/files/1/0513/3775/6828/files/5_Peptide_Lip_Treamtment_06_Cocoa.jpg?v=1785743775,https://cdn.shopify.com/s/files/1/0513/3775/6828/files/06_Cocoa_01.jpg?v=1787042786,https://cdn.shopify.com/s/files/1/0513/3775/6828/files/06_Cocoa_02.jpg?v=1787042787,https://cdn.shopify.com/s/files/1/0513/3775/6828/files/06_Cocoa_03.jpg?v=1787042786,https://cdn.shopify.com/s/files/1/0513/3775/6828/files/06_Cocoa_04.jpg?v=1787042787,https://cdn.shopify.com/s/files/1/0513/3775/6828/files/06_Cocoa_05.jpg?v=1787042787,https://cdn.shopify.com/s/files/1/0513/3775/6828/files/06_Cocoa_06.jpg?v=1787042786,https://cdn.shopify.com/s/files/1/0513/3775/6828/files/06_Cocoa_07.jpg?v=1787042786,https://cdn.shopify.com/s/files/1/0513/3775/6828/files/6_Pro-Capture_One_33578.jpg?v=1785205334,https://cdn.shopify.com/s/files/1/0513/3775/6828/files/6.Cocoa_cream_shape_a78b7a1d-5d1d-4007-b5d3-2f31b6a2c8be.jpg?v=1785139733,https://cdn.shopify.com/s/files/1/0513/3775/6828/files/5_Peptide_Lip_Treamtment_07_Black_Cherry.jpg?v=1785743775,https://cdn.shopify.com/s/files/1/0513/3775/6828/files/07_BlackCherry_01.jpg?v=1787042792,https://cdn.shopify.com/s/files/1/0513/3775/6828/files/07_BlackCherry_02.jpg?v=1787042791,https://cdn.shopify.com/s/files/1/0513/3775/6828/files/07_BlackCherry_03.jpg?v=1787042792,https://cdn.shopify.com/s/files/1/0513/3775/6828/files/07_BlackCherry_04.jpg?v=1787042792,https://cdn.shopify.com/s/files/1/0513/3775/6828/files/07_BlackCherry_05.jpg?v=1787042792,https://cdn.shopify.com/s/files/1/0513/3775/6828/files/07_BlackCherry_06.jpg?v=1787042792,https://cdn.shopify.com/s/files/1/0513/3775/6828/files/07_BlackCherry_07.jpg?v=1787042792,https://cdn.shopify.com/s/files/1/0513/3775/6828/files/7_Pro-Capture_One_33864.jpg?v=1785205343,https://cdn.shopify.com/s/files/1/0513/3775/6828/files/7.Black_cherry_cream_shape_1e47f473-b085-4674-a5b9-9635264d4433.jpg?v=1785139742",": 5 Peptide Complex + Collagen Size: 12g / 0.42 oz. Color: Strawberry, Sour Berry Jelly, Peach, Cherry, Cinnamon, Cocoa, Black Cherry Color Strawberry Strawberry Sour Berry Jelly Peach Cherry Cinnamon Cocoa Black Cherry $16.00 Choose an option Strawberry Sour Berry Jelly Peach Cherry Cinnamon Cocoa Black Cherry Sold out Shop easier with Thanks for signing up for restock notifications! There was an error signing up for restock notifications. Please try again. NOTIFY WHEN AVAILABLE Notify Me Keep me up to date with news and exclusive offers Share Translation missing: en.general.social.share_on_x Pinterest Pin it Instagram Translation missing: en.general.social.share_on_instagram Translation missing: en.general.social.share_on_tiktok Translation missing: en.general.social.share_on_linkedin DETAILS BENEFITS • Visibly plumps and fills the look of lips with 5 Multi-Peptides and Collagen for a fuller, more defined 4D volume • Targets multiple lip concerns — fine lines, dullness, and dryness — with a Vitamin Duo and hydrating actives • Locks in moisture with Ceramide NP, Hyaluronic Acid & Squalane to keep lips soft and hydrated for lasting comfort • Delivers a sheer, buildable tint with a glossy, high-shine coating finish that layers beautifully over or under lip makeup TARGETS • Lips Lacking Volume & Fullness • Fine Lines & Loss of Lip Definition • Dull, Uneven Lip Tone • Dry, Dehydrated Lips • Rough, Textured Lip Surface • Those Wanting Sheer, Buildable Color with Skincare Benefits HOW TO USE Apply as needed for a touch of hydration and sheer color. Can be used before or after lip makeup. *Cautions* Do not use on damaged or irritated skin. Do not use in case of allergy to any of the ingredients. For external use only. INGREDIENTS KEY INGREDIENTS • 5 Peptide Complex: A powerful blend of 5 peptides that works together to firm, smooth, and revitalize lips — targeting volume, elasticity, texture, and hydration for visibly healthier-looking lips. • Collagen : A key structural protein that makes up lip tissue, helping support the firm, well-defined structure of the skin. • Ceramide : Forms a strong moisture barrier on the lips to prevent water loss. (Barrier Care) • PHA & Phytic Acid : Gently smooths rough, flaky texture for softer, more polished lips.(Exfoliating Care)",
AC Collection Acne Patch,8.00,"https://cdn.shopify.com/s/files/1/0513/3775/6828/files/ac-collection-acne-patch-cosrx-official-1.jpg?v=1724835837,https://cdn.shopify.com/s/files/1/0513/3775/6828/files/ac-collection-acne-patch-cosrx-official-2.jpg?v=1724835839,https://cdn.shopify.com/s/files/1/0513/3775/6828/files/ac-collection-acne-patch-cosrx-official-3.jpg?v=1724835841,https://cdn.shopify.com/s/files/1/0513/3775/6828/files/ac-collection-acne-patch-cosrx-official-4.jpg?v=1724835843,https://cdn.shopify.com/s/files/1/0513/3775/6828/files/ac-collection-acne-patch-cosrx-official-5.jpg?v=1724835846,https://cdn.shopify.com/s/files/1/0513/3775/6828/files/ac-collection-acne-patch-cosrx-official-6.jpg?v=1724835848,https://cdn.shopify.com/s/files/1/0513/3775/6828/files/ac-collection-acne-patch-cosrx-official-7.jpg?v=1724835850,https://cdn.shopify.com/s/files/1/0513/3775/6828/files/800x1067__ac__231120.webp?v=1724835852","• Hydrocolloid : Absorbs discharge, maintains humidity to prevent further breakouts",
AC Collection Blemish Care Sheet Mask,6.00,"https://cdn.shopify.com/s/files/1/0513/3775/6828/files/ac-collection-blemish-care-sheet-mask-cosrx-official-1.jpg?v=1724836188,https://cdn.shopify.com/s/files/1/0513/3775/6828/files/ac-collection-blemish-care-sheet-mask-cosrx-official-2.jpg?v=1724836190,https://cdn.shopify.com/s/files/1/0513/3775/6828/files/ac-collection-blemish-care-sheet-mask-cosrx-official-3.jpg?v=1724836193,https://cdn.shopify.com/s/files/1/0513/3775/6828/files/ac-collection-blemish-care-sheet-mask-cosrx-official-4.jpg?v=1724836195,https://cdn.shopify.com/s/files/1/0513/3775/6828/files/ac-collection-blemish-care-sheet-mask-cosrx-official-5.jpg?v=1724836197,https://cdn.shopify.com/s/files/1/0513/3775/6828/files/ac-collection-blemish-care-sheet-mask-cosrx-official-6.jpg?v=1724836199,https://cdn.shopify.com/s/files/1/0513/3775/6828/files/ac-collection-blemish-care-sheet-mask-cosrx-official-7.jpg?v=1724836201,https://cdn.shopify.com/s/files/1/0513/3775/6828/files/ac-collection-blemish-care-sheet-mask-cosrx-official-8.jpg?v=1724836203,https://cdn.shopify.com/s/files/1/0513/3775/6828/files/ac-collection-blemish-care-sheet-mask-cosrx-official-9.jpg?v=1724836205,https://cdn.shopify.com/s/files/1/0513/3775/6828/files/ac-collection-blemish-care-sheet-mask-cosrx-official-10.jpg?v=1724836208","• Tea tree leaf extract 9,000 ppm : Soothes sensitive skin and attracts moisture immediately",
AC Collection Blemish Spot Clearing Serum,27.00,"https://cdn.shopify.com/s/files/1/0513/3775/6828/files/ac-collection-blemish-spot-clearing-serum-cosrx-official-1.jpg?v=1724835853,https://cdn.shopify.com/s/files/1/0513/3775/6828/files/ac-collection-blemish-spot-clearing-serum-cosrx-official-2.jpg?v=1724835856,https://cdn.shopify.com/s/files/1/0513/3775/6828/files/ac-collection-blemish-spot-clearing-serum-cosrx-official-3.jpg?v=1724835857,https://cdn.shopify.com/s/files/1/0513/3775/6828/files/ac-collection-blemish-spot-clearing-serum-cosrx-official-4.jpg?v=1724835860,https://cdn.shopify.com/s/files/1/0513/3775/6828/files/ac-collection-blemish-spot-clearing-serum-cosrx-official-5.jpg?v=1724835862,https://cdn.shopify.com/s/files/1/0513/3775/6828/files/ac-collection-blemish-spot-clearing-serum-cosrx-official-6.jpg?v=1724835864,https://cdn.shopify.com/s/files/1/0513/3775/6828/files/ac-collection-blemish-spot-clearing-serum-cosrx-official-7.jpg?v=1724835866","• CentellAC-Rx Complex : Not only treats acne but also helps revitalize and recover the skin (Madecassic acid, Asiaticoside, and Asiatic acid) • 85% Propolis Extract : Moistures tired skin • 4% Niacinamide : Refines dullness and reduces hyperpigmentation",1.35 fl.oz / 40mL
AC Collection Calming Foam Cleanser,15.00,"https://cdn.shopify.com/s/files/1/0513/3775/6828/files/ac-collection-calming-foam-cleanser-cosrx-official-1.jpg?v=1724835747,https://cdn.shopify.com/s/files/1/0513/3775/6828/files/ac-collection-calming-foam-cleanser-cosrx-official-2.jpg?v=1724835749,https://cdn.shopify.com/s/files/1/0513/3775/6828/files/ac-collection-calming-foam-cleanser-cosrx-official-3.jpg?v=1724835752,https://cdn.shopify.com/s/files/1/0513/3775/6828/files/ac-collection-calming-foam-cleanser-cosrx-official-4.jpg?v=1724835754,https://cdn.shopify.com/s/files/1/0513/3775/6828/files/ac-collection-calming-foam-cleanser-cosrx-official-5.jpg?v=1724835756,https://cdn.shopify.com/s/files/1/0513/3775/6828/files/ac-collection-calming-foam-cleanser-cosrx-official-6.jpg?v=1724835758,https://cdn.shopify.com/s/files/1/0513/3775/6828/files/ac-collection-calming-foam-cleanser-cosrx-official-7.jpg?v=1724835760,https://cdn.shopify.com/s/files/1/0513/3775/6828/files/ac-collection-calming-foam-cleanser-cosrx-official-8.jpg?v=1724835762,https://cdn.shopify.com/s/files/1/0513/3775/6828/files/ac-collection-calming-foam-cleanser-cosrx-official-9.jpg?v=1724835764,https://cdn.shopify.com/s/files/1/0513/3775/6828/files/ac-collection-calming-foam-cleanser-cosrx-official-10.jpg?v=1724835766,https://cdn.shopify.com/s/files/1/0513/3775/6828/files/ac-collection-calming-foam-cleanser-cosrx-official-11.jpg?v=1724835769","• Centella AC-RX : Treating acne & helping revitalize and recover the skin (Include three legendary healing ingredients-Madecassic acid, Asiaticoside and Asiatic acid) • Salicylic Acid  : Dissolving and removing dead skin cells","5.07 fl.oz / 150mL,1.69 fl.oz / 50ml"
AC Collection Calming Liquid Mild,26.00,"https://cdn.shopify.com/s/files/1/0513/3775/6828/files/ac-collection-calming-liquid-mild-cosrx-official-1.jpg?v=1724836561,https://cdn.shopify.com/s/files/1/0513/3775/6828/files/ac-collection-calming-liquid-mild-cosrx-official-2.jpg?v=1724836563,https://cdn.shopify.com/s/files/1/0513/3775/6828/files/ac-collection-calming-liquid-mild-cosrx-official-3.jpg?v=1724836565,https://cdn.shopify.com/s/files/1/0513/3775/6828/files/ac-collection-calming-liquid-mild-cosrx-official-4.jpg?v=1724836567,https://cdn.shopify.com/s/files/1/0513/3775/6828/files/ac-collection-calming-liquid-mild-cosrx-official-5.jpg?v=1724836569","Green tea water 85.6%, BHA 0.2%, PHA 0.2%, CentellAC-RX (Soothing, sebum, dead skin care)",4.22 fl.oz / 125ml
AC Collection Lightweight Soothing Moisturizer,19.00,"https://cdn.shopify.com/s/files/1/0513/3775/6828/files/ac-collection-lightweight-soothing-moisturizer-cosrx-official-1.jpg?v=1724835868,https://cdn.shopify.com/s/files/1/0513/3775/6828/files/ac-collection-lightweight-soothing-moisturizer-cosrx-official-2.jpg?v=1724835870,https://cdn.shopify.com/s/files/1/0513/3775/6828/files/ac-collection-lightweight-soothing-moisturizer-cosrx-official-3.jpg?v=1724835873,https://cdn.shopify.com/s/files/1/0513/3775/6828/files/ac-collection-lightweight-soothing-moisturizer-cosrx-official-4.jpg?v=1724835874,https://cdn.shopify.com/s/files/1/0513/3775/6828/files/ac-collection-lightweight-soothing-moisturizer-cosrx-official-5.jpg?v=1724835876,https://cdn.shopify.com/s/files/1/0513/3775/6828/files/ac-collection-lightweight-soothing-moisturizer-cosrx-official-6.jpg?v=1724835878,https://cdn.shopify.com/s/files/1/0513/3775/6828/files/ac-collection-lightweight-soothing-moisturizer-cosrx-official-7.jpg?v=1724835880,https://cdn.shopify.com/s/files/1/0513/3775/6828/files/ac-collection-lightweight-soothing-moisturizer-cosrx-official-8.jpg?v=1724835882,https://cdn.shopify.com/s/files/1/0513/3775/6828/files/ac-collection-lightweight-soothing-moisturizer-cosrx-official-9.jpg?v=1724835884,https://cdn.shopify.com/s/files/1/0513/3775/6828/files/ac-collection-lightweight-soothing-moisturizer-cosrx-official-10.jpg?v=1724835886,https://cdn.shopify.com/s/files/1/0513/3775/6828/files/ac-collection-lightweight-soothing-moisturizer-cosrx-official-11.jpg?v=1724835888",,2.70 fl.oz / 80ml
AC Collection Ultimate Spot Cream,23.00,"https://cdn.shopify.com/s/files/1/0513/3775/6828/files/ac-collection-ultimate-spot-cream-cosrx-official-1.jpg?v=1724835771,https://cdn.shopify.com/s/files/1/0513/3775/6828/files/ac-collection-ultimate-spot-cream-cosrx-official-2.jpg?v=1724835773,https://cdn.shopify.com/s/files/1/0513/3775/6828/files/ac-collection-ultimate-spot-cream-cosrx-official-3.jpg?v=1724835775,https://cdn.shopify.com/s/files/1/0513/3775/6828/files/ac-collection-ultimate-spot-cream-cosrx-official-4.jpg?v=1724835777,https://cdn.shopify.com/s/files/1/0513/3775/6828/files/ac-collection-ultimate-spot-cream-cosrx-official-5.jpg?v=1724835779,https://cdn.shopify.com/s/files/1/0513/3775/6828/files/ac-collection-ultimate-spot-cream-cosrx-official-6.jpg?v=1724835782,https://cdn.shopify.com/s/files/1/0513/3775/6828/files/ac-collection-ultimate-spot-cream-cosrx-official-7.jpg?v=1724835783,https://cdn.shopify.com/s/files/1/0513/3775/6828/files/ac-collection-ultimate-spot-cream-cosrx-official-8.jpg?v=1724835786",,
Acne Pimple Master Patch,6.00,"https://cdn.shopify.com/s/files/1/0513/3775/6828/files/acne-pimple-master-patch-cosrx-official-1.jpg?v=1724835736,https://cdn.shopify.com/s/files/1/0513/3775/6828/files/acne-pimple-master-patch-cosrx-official-2.jpg?v=1724835738,https://cdn.shopify.com/s/files/1/0513/3775/6828/files/acne-pimple-master-patch-cosrx-official-3.jpg?v=1724835741,https://cdn.shopify.com/s/files/1/0513/3775/6828/files/acne-pimple-master-patch-cosrx-official-4.jpg?v=1724835743,https://cdn.shopify.com/s/files/1/0513/3775/6828/files/acne-pimple-master-patch-cosrx-official-5.jpg?v=1724835745","Hydrocolloid  : absorbs discharge, maintains humidity to prevent further breakouts",
Acne Pimple Master Patch Original Fit 4SET (96 Patches),16.00,"https://cdn.shopify.com/s/files/1/0513/3775/6828/files/Acne_pimple_patch_00.webp?v=1761012126,https://cdn.shopify.com/s/files/1/0513/3775/6828/files/Acne_pimple_patch_01.webp?v=1761012126,https://cdn.shopify.com/s/files/1/0513/3775/6828/files/Acne_pimple_patch_02.webp?v=1761012126,https://cdn.shopify.com/s/files/1/0513/3775/6828/files/Acne_pimple_patch_03.webp?v=1761012126,https://cdn.shopify.com/s/files/1/0513/3775/6828/files/Acne_pimple_patch_04.webp?v=1761012126","Hydrocolloid  : absorbs discharge, maintains humidity to prevent further breakouts",
Advanced Snail 92 All in one Cream,15.00,"https://cdn.shopify.com/s/files/1/0513/3775/6828/files/SnailCream50g_800x1067_485b8794-f831-48fe-b9c6-4ad940eed4dc.jpg?v=1704429396,https://cdn.shopify.com/s/files/1/0513/3775/6828/files/advanced-snail-92-all-in-one-cream-cosrx-official-4_4bca61ad-6b59-4414-b331-e5777c91ea7b.jpg?v=1704429398,https://cdn.shopify.com/s/files/1/0513/3775/6828/files/advanced-snail-92-all-in-one-cream-cosrx-official-9_001967d9-10f8-4a4e-8afe-0402ae388682.jpg?v=1704429400,https://cdn.shopify.com/s/files/1/0513/3775/6828/files/advanced-snail-92-all-in-one-cream-cosrx-official-2_3d4edad2-7f82-42e4-8aff-a2959efbc748.jpg?v=1704429402,https://cdn.shopify.com/s/files/1/0513/3775/6828/files/advanced-snail-92-all-in-one-cream-cosrx-official-3_c82069e4-0b0b-4b29-a58e-582dcd238d7d.jpg?v=1704429404,https://cdn.shopify.com/s/files/1/0513/3775/6828/files/advanced-snail-92-all-in-one-cream-cosrx-official-5_a44f2c91-5ea4-4216-8c7c-cdc7c41f784d.jpg?v=1704429406,https://cdn.shopify.com/s/files/1/0513/3775/6828/files/advanced-snail-92-all-in-one-cream-cosrx-official-6_79317709-eb27-45f2-9447-9b12bcdaec07.jpg?v=1704429409,https://cdn.shopify.com/s/files/1/0513/3775/6828/files/advanced-snail-92-all-in-one-cream-cosrx-official-8_16b0449a-1ac4-4af8-a821-ab6ab6c2f156.jpg?v=1704429411,https://cdn.shopify.com/s/files/1/0513/3775/6828/files/advanced-snail-92-all-in-one-cream-cosrx-official-11_c2148f07-68df-440d-9710-b3ab26914444.jpg?v=1724837123,https://cdn.shopify.com/s/files/1/0513/3775/6828/files/advanced-snail-92-all-in-one-cream-cosrx-official-12_04585de9-cdb8-4f80-971d-6e41612368a7.jpg?v=1704429415,https://cdn.shopify.com/s/files/1/0513/3775/6828/files/advanced-snail-92-all-in-one-cream-cosrx-official-13_3aae8823-0531-457f-be9d-a19059754031.jpg?v=1704429417","• 92% Snail Mucin  : Infused with 92% of snail mucin, this cream glides onto the skin and builds a moisture barrier to plump, hydrate and soothe skin. • 1,000 ppm sodium hyaluronate : plumping and soothing care, infuses hydration",
Advanced Snail 92 All in One Cream,26.00,"https://cdn.shopify.com/s/files/1/0513/3775/6828/files/snail_cream_thumbnail.png?v=1748420673,https://cdn.shopify.com/s/files/1/0513/3775/6828/files/advanced-snail-92-all-in-one-cream-cosrx-official-4.jpg?v=1762909943,https://cdn.shopify.com/s/files/1/0513/3775/6828/files/advanced-snail-92-all-in-one-cream-cosrx-official-2.jpg?v=1762909943,https://cdn.shopify.com/s/files/1/0513/3775/6828/files/advanced-snail-92-all-in-one-cream-cosrx-official-3.jpg?v=1762909943,https://cdn.shopify.com/s/files/1/0513/3775/6828/files/advanced-snail-92-all-in-one-cream-cosrx-official-5.jpg?v=1762909943,https://cdn.shopify.com/s/files/1/0513/3775/6828/files/advanced-snail-92-all-in-one-cream-cosrx-official-6.jpg?v=1762909943,https://cdn.shopify.com/s/files/1/0513/3775/6828/files/advanced-snail-92-all-in-one-cream-cosrx-official-8.jpg?v=1762909943,https://cdn.shopify.com/s/files/1/0513/3775/6828/files/advanced-snail-92-all-in-one-cream-cosrx-official-9.jpg?v=1762909943,https://cdn.shopify.com/s/files/1/0513/3775/6828/files/advanced-snail-92-all-in-one-cream-cosrx-official-10.png?v=1762909943,https://cdn.shopify.com/s/files/1/0513/3775/6828/files/advanced-snail-92-all-in-one-cream-cosrx-official-11.jpg?v=1762909943,https://cdn.shopify.com/s/files/1/0513/3775/6828/files/advanced-snail-92-all-in-one-cream-cosrx-official-12.jpg?v=1762909943,https://cdn.shopify.com/s/files/1/0513/3775/6828/files/advanced-snail-92-all-in-one-cream-cosrx-official-13.jpg?v=1762909943,https://cdn.shopify.com/s/files/1/0513/3775/6828/files/800x1067____231120.webp?v=1762909943,https://cdn.shopify.com/s/files/1/0513/3775/6828/files/advanced-snail-92-all-in-one-cream-cosrx-official-14.jpg?v=1762909943,https://cdn.shopify.com/s/files/1/0513/3775/6828/files/5_bc6986a1-1b85-42ce-b761-6bc4acbb07a3.png?v=1757571879,https://cdn.shopify.com/s/files/1/0513/3775/6828/files/advanced-snail-92-all-in-one-cream-cosrx-official-15.jpg?v=1757571879,https://cdn.shopify.com/s/files/1/0513/3775/6828/files/advanced-snail-92-all-in-one-cream-cosrx-official-16.jpg?v=1762909943,https://cdn.shopify.com/s/files/1/0513/3775/6828/files/SnailCream200g_800x1067_47f7bb84-ae86-468e-85ca-b86beb3a2f7c.jpg?v=1757571879",,"100g,50g,200g"
Advanced Snail 96 Mucin Power Essence,25.00,"https://cdn.shopify.com/s/files/1/0513/3775/6828/files/advanced-snail-96-mucin-power-essence-cosrx-official-4.jpg?v=1763111577,https://cdn.shopify.com/s/files/1/0513/3775/6828/files/Snail96Essence_8.jpg?v=1763111577,https://cdn.shopify.com/s/files/1/0513/3775/6828/files/advanced-snail-96-mucin-power-essence-cosrx-official-3.jpg?v=1763111577,https://cdn.shopify.com/s/files/1/0513/3775/6828/files/advanced-snail-96-mucin-power-essence-cosrx-official-5.png?v=1763111577,https://cdn.shopify.com/s/files/1/0513/3775/6828/files/advanced-snail-96-mucin-power-essence-cosrx-official-6.jpg?v=1763111577,https://cdn.shopify.com/s/files/1/0513/3775/6828/files/advanced-snail-96-mucin-power-essence-cosrx-official-7.jpg?v=1763111577,https://cdn.shopify.com/s/files/1/0513/3775/6828/files/advanced-snail-96-mucin-power-essence-cosrx-official-8.jpg?v=1763111577,https://cdn.shopify.com/s/files/1/0513/3775/6828/files/advanced-snail-96-mucin-power-essence-cosrx-official-9.jpg?v=1763111577,https://cdn.shopify.com/s/files/1/0513/3775/6828/files/800x1067____231120_e9c80f69-91e9-4f80-99f4-e62372240f7b.webp?v=1763111577,https://cdn.shopify.com/s/files/1/0513/3775/6828/files/260722_snailmucin_800x1067_79f91ebd-dde6-45a1-9928-1d6af0daae17.jpg?v=1784707120,https://cdn.shopify.com/s/files/1/0513/3775/6828/files/james_800x1067_1_1_4e9750cc-2cd6-4817-ace5-be2305a85806.jpg?v=1763111577,https://cdn.shopify.com/s/files/1/0513/3775/6828/files/260722_snail_mucin50ml_800x1067_3a819f68-26dc-4b26-b84b-6618538a788d.jpg?v=1784707106,https://cdn.shopify.com/s/files/1/0513/3775/6828/files/advanced-snail-96-mucin-power-essence-cosrx-official-10.jpg?v=1763111577",,"3.38 fl.oz / 100mL,1.69 fl. oz / 50ml,1.01 fl.oz / 30mL"
Advanced Snail Hydrogel Eye Patch,28.00,"https://cdn.shopify.com/s/files/1/0513/3775/6828/files/AnyConv.com__Snail-eye-patch2_800x1067_e8793905-5ab9-4172-a398-5d25b6cf39cc.webp?v=1765523642,https://cdn.shopify.com/s/files/1/0513/3775/6828/files/advanced-snail-hydrogel-eye-patch-cosrx-official-2.jpg?v=1765523642,https://cdn.shopify.com/s/files/1/0513/3775/6828/files/advanced-snail-hydrogel-eye-patch-cosrx-official-3.jpg?v=1765523642,https://cdn.shopify.com/s/files/1/0513/3775/6828/files/advanced-snail-hydrogel-eye-patch-cosrx-official-4.jpg?v=1765523642,https://cdn.shopify.com/s/files/1/0513/3775/6828/files/advanced-snail-hydrogel-eye-patch-cosrx-official-5.jpg?v=1765523642,https://cdn.shopify.com/s/files/1/0513/3775/6828/files/advanced-snail-hydrogel-eye-patch-cosrx-official-6.jpg?v=1765523642,https://cdn.shopify.com/s/files/1/0513/3775/6828/files/advanced-snail-hydrogel-eye-patch-cosrx-official-7.jpg?v=1765523642,https://cdn.shopify.com/s/files/1/0513/3775/6828/files/advanced-snail-hydrogel-eye-patch-cosrx-official-8.jpg?v=1765523642","• 20,400ppm Snail Secretion Filtrate : Soothes damaged skin and delivers moisture deep into your skin",60 patches / 3.17 oz
Advanced Snail Mucin Gel Cleanser,18.00,"https://cdn.shopify.com/s/files/1/0513/3775/6828/files/advanced-snail-mucin-gel-cleanser-cosrx-official-1.png?v=1724835788,https://cdn.shopify.com/s/files/1/0513/3775/6828/files/01_25d36ef8-9a2e-4e01-bcbd-b2e6892d5c78.webp?v=1778476700,https://cdn.shopify.com/s/files/1/0513/3775/6828/files/02_c61cc26b-48c6-4a29-b4e3-d90e9f8dbdaf.webp?v=1778476700,https://cdn.shopify.com/s/files/1/0513/3775/6828/files/05_4c01dd41-694a-41e8-a188-ef58df4a4951.webp?v=1778476701,https://cdn.shopify.com/s/files/1/0513/3775/6828/files/06_01ffbae8-bc65-4996-ab1a-a560035c7eb8.webp?v=1778476701,https://cdn.shopify.com/s/files/1/0513/3775/6828/files/07_2dc35b15-59c3-4e4f-956a-eaade767712a.webp?v=1778476700,https://cdn.shopify.com/s/files/1/0513/3775/6828/files/04_57ed2cec-7e25-4887-a84c-d814e946cf79.webp?v=1778476701,https://cdn.shopify.com/s/files/1/0513/3775/6828/files/08_5f155054-c22c-409f-872b-9aedfebfdc55.webp?v=1778476701","• Snail mucus filtrate 10,000ppm : Protects skin from stripping by allowing moisturization and restoring the skin while removing impurities","5.07 fl.oz / 150ml,1.69 fl.oz / 50ml"
Advanced Snail Mucin Glass Glow Hydrogel Mask,15.00,"https://cdn.shopify.com/s/files/1/0513/3775/6828/files/Snail_Hydrogel_Mask_BAZAAR.jpg?v=1759391631,https://cdn.shopify.com/s/files/1/0513/3775/6828/files/Snail_Hydrogel_Mask_01__2.jpg?v=1775196344,https://cdn.shopify.com/s/files/1/0513/3775/6828/files/Snail_Hydrogel_Mask_02__4.jpg?v=1775196344,https://cdn.shopify.com/s/files/1/0513/3775/6828/files/Snail_Hydrogel_Mask_05__3.jpg?v=1775196344,https://cdn.shopify.com/s/files/1/0513/3775/6828/files/Snail_Hydrogel_Mask_06__2.jpg?v=1775196344,https://cdn.shopify.com/s/files/1/0513/3775/6828/files/Snail_Hydrogel_Mask_07__2.jpg?v=1775196344,https://cdn.shopify.com/s/files/1/0513/3775/6828/files/Snail_Hydrogel_Mask_08__2.jpg?v=1775196344,https://cdn.shopify.com/s/files/1/0513/3775/6828/files/Snail_Hydrogel_Mask_09__2.jpg?v=1775196344,https://cdn.shopify.com/s/files/1/0513/3775/6828/files/Snail_Hydrogel_Mask_10__2.jpg?v=1775196344,https://cdn.shopify.com/s/files/1/0513/3775/6828/files/Snail_Hydrogel_Mask_11__2.jpg?v=1775196344,https://cdn.shopify.com/s/files/1/0513/3775/6828/files/Snail_Hydrogel_Mask_12__2.jpg?v=1775196344,https://cdn.shopify.com/s/files/1/0513/3775/6828/files/Snail_Hydrogel_Mask_14__2.jpg?v=1775196344,https://cdn.shopify.com/s/files/1/0513/3775/6828/files/Snail_Hydrogel_Mask_15.jpg?v=1775196344,https://cdn.shopify.com/s/files/1/0513/3775/6828/files/Snail_Hydrogel_Mask_16.jpg?v=1775196344,https://cdn.shopify.com/s/files/1/0513/3775/6828/files/1_b033c958-e756-4b27-ba08-55ef9a5f0b87.png?v=1775196344","• 25% Snail Secretion Filtrate (Mucin) : Improves glow, hydrates the skin, soothes irritation, Improve elasticity • Low Molecular Weight 200Da Collagen / Adenosine : Improves elasticity • Niacinamide / Gluconolactone : Improves glow • 5 types of Hyaluronic Acids & Ceramides / Panthenol : Hydrates the skin • Betaine / Allantoin : Soothes the skin",
Advanced Snail Mucin Power Sheet Mask 10 Sheets,25.00,"https://cdn.shopify.com/s/files/1/0513/3775/6828/files/advanced-snail-mucin-power-sheet-mask-10-sheets-cosrx-official-1.jpg?v=1724835952,https://cdn.shopify.com/s/files/1/0513/3775/6828/files/advanced-snail-mucin-power-sheet-mask-10-sheets-cosrx-official-2.jpg?v=1724835954,https://cdn.shopify.com/s/files/1/0513/3775/6828/files/advanced-snail-mucin-power-sheet-mask-10-sheets-cosrx-official-3.jpg?v=1724835956,https://cdn.shopify.com/s/files/1/0513/3775/6828/files/advanced-snail-mucin-power-sheet-mask-10-sheets-cosrx-official-4.jpg?v=1731391990,https://cdn.shopify.com/s/files/1/0513/3775/6828/files/advanced-snail-mucin-power-sheet-mask-10-sheets-cosrx-official-5.jpg?v=1724835960,https://cdn.shopify.com/s/files/1/0513/3775/6828/files/advanced-snail-mucin-power-sheet-mask-10-sheets-cosrx-official-6.jpg?v=1724835963,https://cdn.shopify.com/s/files/1/0513/3775/6828/files/advanced-snail-mucin-power-sheet-mask-10-sheets-cosrx-official-7.jpg?v=1724835965,https://cdn.shopify.com/s/files/1/0513/3775/6828/files/advanced-snail-mucin-power-sheet-mask-10-sheets-cosrx-official-8.jpg?v=1724835967,https://cdn.shopify.com/s/files/1/0513/3775/6828/files/advanced-snail-mucin-power-sheet-mask-10-sheets-cosrx-official-9.jpg?v=1724835969,https://cdn.shopify.com/s/files/1/0513/3775/6828/files/advanced-snail-mucin-power-sheet-mask-10-sheets-cosrx-official-10.jpg?v=1724835971,https://cdn.shopify.com/s/files/1/0513/3775/6828/files/advanced-snail-mucin-power-sheet-mask-10-sheets-cosrx-official-11.jpg?v=1724835972","• Snail secretion filtrate 35,000 ppm : Nourish and plump leaving the skin healthy",
Advanced Snail Peptide Eye Cream,28.00,"https://cdn.shopify.com/s/files/1/0513/3775/6828/files/advanced-snail-peptide-eye-cream-cosrx-official-1.png?v=1724835637,https://cdn.shopify.com/s/files/1/0513/3775/6828/files/SnailEyecream_01.webp?v=1778476464,https://cdn.shopify.com/s/files/1/0513/3775/6828/files/SnailEyecream_04.webp?v=1778476464,https://cdn.shopify.com/s/files/1/0513/3775/6828/files/SnailEyecream_05.webp?v=1778476464,https://cdn.shopify.com/s/files/1/0513/3775/6828/files/SnailEyecream_06.webp?v=1778476464,https://cdn.shopify.com/s/files/1/0513/3775/6828/files/SnailEyecream_07.webp?v=1778476464,https://cdn.shopify.com/s/files/1/0513/3775/6828/files/SnailEyecream_08.webp?v=1778476464","• 73.6% Snail Secretion Filtrate : Moisturize, protect and help rejuvenating the eye area",0.85 fl.oz / 25ml
Advanced Snail Radiance Dual Essence,28.00,"https://cdn.shopify.com/s/files/1/0513/3775/6828/files/advanced-snail-radiance-dual-essence-cosrx-official-1.png?v=1724835811,https://cdn.shopify.com/s/files/1/0513/3775/6828/files/advanced-snail-radiance-dual-essence-cosrx-official-2.jpg?v=1724835813,https://cdn.shopify.com/s/files/1/0513/3775/6828/files/advanced-snail-radiance-dual-essence-cosrx-official-3.jpg?v=1724835815,https://cdn.shopify.com/s/files/1/0513/3775/6828/files/advanced-snail-radiance-dual-essence-cosrx-official-4.jpg?v=1724835818,https://cdn.shopify.com/s/files/1/0513/3775/6828/files/advanced-snail-radiance-dual-essence-cosrx-official-5.png?v=1724835820,https://cdn.shopify.com/s/files/1/0513/3775/6828/files/advanced-snail-radiance-dual-essence-cosrx-official-6.jpg?v=1724835824,https://cdn.shopify.com/s/files/1/0513/3775/6828/files/advanced-snail-radiance-dual-essence-cosrx-official-7.jpg?v=1724835826,https://cdn.shopify.com/s/files/1/0513/3775/6828/files/advanced-snail-radiance-dual-essence-cosrx-official-8.jpg?v=1724835828,https://cdn.shopify.com/s/files/1/0513/3775/6828/files/advanced-snail-radiance-dual-essence-cosrx-official-9.jpg?v=1724835830,https://cdn.shopify.com/s/files/1/0513/3775/6828/files/advanced-snail-radiance-dual-essence-cosrx-official-10.jpg?v=1724835832,https://cdn.shopify.com/s/files/1/0513/3775/6828/files/advanced-snail-radiance-dual-essence-cosrx-official-11.jpg?v=1724835835","• 74.3% Triple Snail Complex  : A complex that combines the existing hydrating and plumping effects of snail secretion filtrate and fortifies it with the anti-aging, pore contracting benefits of Black Snails and the anti-bacterial, antioxidant and UV protection effects of Gold Snails and more • 5% niacinamide : brightening the skin for simultaneous plumping & radiance care, strengthening skin's barrier • Glutathione : Improving skin tone and skin complexion",2.70 fl.oz / 80ml
Advanced The Vitamin C 23 Serum,25.00,"https://cdn.shopify.com/s/files/1/0513/3775/6828/files/Advanced_VitaminC23_00.webp?v=1760935746,https://cdn.shopify.com/s/files/1/0513/3775/6828/files/Advanced_VitaminC23_01__4.webp?v=1760935746,https://cdn.shopify.com/s/files/1/0513/3775/6828/files/VitaminC__-__1.jpg?v=1780659273,https://cdn.shopify.com/s/files/1/0513/3775/6828/files/Advanced_VitaminC23_02__4.webp?v=1760935746,https://cdn.shopify.com/s/files/1/0513/3775/6828/files/Advanced_VitaminC23_03.webp?v=1760935746,https://cdn.shopify.com/s/files/1/0513/3775/6828/files/Advanced_VitaminC23_04.webp?v=1760935746,https://cdn.shopify.com/s/files/1/0513/3775/6828/files/Advanced_VitaminC23_05.webp?v=1760935746,https://cdn.shopify.com/s/files/1/0513/3775/6828/files/Advanced_VitaminC23_06.webp?v=1760935746,https://cdn.shopify.com/s/files/1/0513/3775/6828/files/Advanced_VitaminC23_08__3.webp?v=1760935747,https://cdn.shopify.com/s/files/1/0513/3775/6828/files/Advanced_VitaminC23_09.webp?v=1760935746,https://cdn.shopify.com/s/files/1/0513/3775/6828/files/Advanced_VitaminC23_10.webp?v=1760935747,https://cdn.shopify.com/s/files/1/0513/3775/6828/files/Advanced_VitaminC23_11__3.jpg?v=1761640745,https://cdn.shopify.com/s/files/1/0513/3775/6828/files/Advanced_VitaminC23_12.webp?v=1761640745,https://cdn.shopify.com/s/files/1/0513/3775/6828/files/Advanced_VitaminC23_13.webp?v=1761640745,https://cdn.shopify.com/s/files/1/0513/3775/6828/files/Advanced_VitaminC23_07.webp?v=1761640745,https://cdn.shopify.com/s/files/1/0513/3775/6828/files/Advanced_VitaminC23_14.webp?v=1761640745,https://cdn.shopify.com/s/files/1/0513/3775/6828/files/Advanced_VitaminC23_15.webp?v=1761640745,https://cdn.shopify.com/s/files/1/0513/3775/6828/files/Advanced_VitaminC23_16.webp?v=1761640745,https://cdn.shopify.com/s/files/1/0513/3775/6828/files/Advanced_VitaminC23_17.webp?v=1761640745,https://cdn.shopify.com/s/files/1/0513/3775/6828/files/Advanced_VitaminC23_18.webp?v=1761640745,https://cdn.shopify.com/s/files/1/0513/3775/6828/files/Advanced_VitaminC23_19__3.webp?v=1761640745",,
AHA 7 Whitehead Power Liquid,22.00,"https://cdn.shopify.com/s/files/1/0513/3775/6828/files/aha-7-whitehead-power-liquid-cosrx-official-1.jpg?v=1724835611,https://cdn.shopify.com/s/files/1/0513/3775/6828/files/aha-7-whitehead-power-liquid-cosrx-official-2.jpg?v=1724835613,https://cdn.shopify.com/s/files/1/0513/3775/6828/files/aha-7-whitehead-power-liquid-cosrx-official-3.jpg?v=1724835615,https://cdn.shopify.com/s/files/1/0513/3775/6828/files/aha-7-whitehead-power-liquid-cosrx-official-4.jpg?v=1724835617,https://cdn.shopify.com/s/files/1/0513/3775/6828/files/aha-7-whitehead-power-liquid-cosrx-official-5.jpg?v=1724835620,https://cdn.shopify.com/s/files/1/0513/3775/6828/files/aha-7-whitehead-power-liquid-cosrx-official-6.jpg?v=1724835622,https://cdn.shopify.com/s/files/1/0513/3775/6828/files/aha-7-whitehead-power-liquid-cosrx-official-7.jpg?v=1724835624,https://cdn.shopify.com/s/files/1/0513/3775/6828/files/aha-7-whitehead-power-liquid-cosrx-official-8.jpg?v=1724835627,https://cdn.shopify.com/s/files/1/0513/3775/6828/files/aha-7-whitehead-power-liquid-cosrx-official-9.jpg?v=1724835629,https://cdn.shopify.com/s/files/1/0513/3775/6828/files/The_35peel_17_e9c57fea-e76d-47f7-8bda-cc34583c0d27.webp?v=1724835631,https://cdn.shopify.com/s/files/1/0513/3775/6828/files/aha-7-whitehead-power-liquid-cosrx-official-11.jpg?v=1724835634,https://cdn.shopify.com/s/files/1/0513/3775/6828/files/800x1067___7__231120.webp?v=1704429303","• Pyrus Malus (Apple) Fruit Water +Glycol, Glycolic Acid : Refines uneven skin texture & clears whiteheads & diminishes fine lines • Niacinamide : Reduces marks from spots & boosts radiance",3.38 fl.oz / 100ml
AHA/BHA Clarifying Treatment Toner,20.00,"https://cdn.shopify.com/s/files/1/0513/3775/6828/files/ahabha-clarifying-treatment-toner-cosrx-official-1.jpg?v=1724835581,https://cdn.shopify.com/s/files/1/0513/3775/6828/files/AHABHA_Toner_01B.webp?v=1780986536,https://cdn.shopify.com/s/files/1/0513/3775/6828/files/AHABHA_Toner_02__2.webp?v=1780905670,https://cdn.shopify.com/s/files/1/0513/3775/6828/files/AHABHA_Toner_03B.webp?v=1780905670,https://cdn.shopify.com/s/files/1/0513/3775/6828/files/AHABHA_Toner_06.webp?v=1780905670,https://cdn.shopify.com/s/files/1/0513/3775/6828/files/AHABHA_Toner_07B.webp?v=1780905671,https://cdn.shopify.com/s/files/1/0513/3775/6828/files/AHABHA_Toner_09.webp?v=1780905671,https://cdn.shopify.com/s/files/1/0513/3775/6828/files/AHABHA_Toner_10.webp?v=1780905670,https://cdn.shopify.com/s/files/1/0513/3775/6828/files/AHABHA_Toner_11.webp?v=1780905671,https://cdn.shopify.com/s/files/1/0513/3775/6828/files/AHABHA_Toner_12.webp?v=1780905670,https://cdn.shopify.com/s/files/1/0513/3775/6828/files/AHABHA_Toner_13.webp?v=1780905670",• Salix Alba (Willow) Bark Water + Pyrus Malus (Apple) Fruit Water : Offers gentle exfoliation & helps reduce breakouts and marks from spots • Glycolic Acid : Exfoliates the surface of the skin & smooths and softens skin • Betaine Salicylate : Clears congested pores & balances oil production,5.07 fl.oz / 150ml
Airy-Light Invisible Sun Stick,0.00,"https://cdn.shopify.com/s/files/1/0513/3775/6828/files/Airy-Light_SunStick_00.webp?v=1749081344,https://cdn.shopify.com/s/files/1/0513/3775/6828/files/Airy-Light_SunStick_01__3.webp?v=1749081344,https://cdn.shopify.com/s/files/1/0513/3775/6828/files/Airy-Light_SunStick_02__2.webp?v=1749081344,https://cdn.shopify.com/s/files/1/0513/3775/6828/files/Airy-Light_SunStick_03.webp?v=1749081344,https://cdn.shopify.com/s/files/1/0513/3775/6828/files/Airy-Light_SunStick_04__2.webp?v=1749081344,https://cdn.shopify.com/s/files/1/0513/3775/6828/files/Airy-Light_SunStick_05__2.webp?v=1749081344,https://cdn.shopify.com/s/files/1/0513/3775/6828/files/Airy-Light_SunStick_06__2.webp?v=1749081344,https://cdn.shopify.com/s/files/1/0513/3775/6828/files/Airy-Light_SunStick_08.webp?v=1749081344,https://cdn.shopify.com/s/files/1/0513/3775/6828/files/Airy-Light_SunStick_09.webp?v=1749081344,https://cdn.shopify.com/s/files/1/0513/3775/6828/files/Airy-Light_SunStick_10.webp?v=1749081344,https://cdn.shopify.com/s/files/1/0513/3775/6828/files/Airy-Light_SunStick_11__2.webp?v=1749081344,https://cdn.shopify.com/s/files/1/0513/3775/6828/files/Airy-Light_SunStick_12.webp?v=1749081344,https://cdn.shopify.com/s/files/1/0513/3775/6828/files/Airy-Light_SunStick_13.webp?v=1749081344,https://cdn.shopify.com/s/files/1/0513/3775/6828/files/Airy-Light_SunStick_14.webp?v=1749081344,https://cdn.shopify.com/s/files/1/0513/3775/6828/files/Airy-Light_SunStick_15.webp?v=1749081344,https://cdn.shopify.com/s/files/1/0513/3775/6828/files/Airy-Light_SunStick_16__2.webp?v=1749081344,https://cdn.shopify.com/s/files/1/0513/3775/6828/files/Airy-Light_SunStick_17.webp?v=1749081344,https://cdn.shopify.com/s/files/1/0513/3775/6828/files/Airy-Light_SunStick_18.webp?v=1749081344",• Niacinamide : Controls excess sebum and tightens enlarged pores • Zinc PCA : Controls excess sebum • Sodium hyaluronate +Panthenol : Relieves dryness and provides deep hydration • Ceramide NP  : Protects skin barrier and soothes damage • Aloe(Aloe Barbadensis Leaf Water) : Soothes irritation while calming and protecting the skin • α-Bisabolol : Formulated with brightening actives to help reduce pigmentation caused by UV exposure • Tocopheryl acetate : helps reduce wrinkles and improve skin volume,
ALL ABOUT SNAIL KIT 4-step,25.00,"https://cdn.shopify.com/s/files/1/0513/3775/6828/files/all-about-snail-kit-4-step-cosrx-official-1.png?v=1724835890,https://cdn.shopify.com/s/files/1/0513/3775/6828/files/all-about-snail-kit-4-step-cosrx-official-2.jpg?v=1724835892,https://cdn.shopify.com/s/files/1/0513/3775/6828/files/all-about-snail-kit-4-step-cosrx-official-3.jpg?v=1724835894,https://cdn.shopify.com/s/files/1/0513/3775/6828/files/all-about-snail-kit-4-step-cosrx-official-4.jpg?v=1724835896,https://cdn.shopify.com/s/files/1/0513/3775/6828/files/all-about-snail-kit-4-step-cosrx-official-5.jpg?v=1724835899,https://cdn.shopify.com/s/files/1/0513/3775/6828/files/all-about-snail-kit-4-step-cosrx-official-6.jpg?v=1724835901,https://cdn.shopify.com/s/files/1/0513/3775/6828/files/all-about-snail-kit-4-step-cosrx-official-7.jpg?v=1724835903,https://cdn.shopify.com/s/files/1/0513/3775/6828/files/all-about-snail-kit-4-step-cosrx-official-8.jpg?v=1724835905,https://cdn.shopify.com/s/files/1/0513/3775/6828/files/all-about-snail-kit-4-step-cosrx-official-9.jpg?v=1724835907,https://cdn.shopify.com/s/files/1/0513/3775/6828/files/all-about-snail-kit-4-step-cosrx-official-10.jpg?v=1724835910,https://cdn.shopify.com/s/files/1/0513/3775/6828/files/all-about-snail-kit-4-step-cosrx-official-11.jpg?v=1724835912","• Snail secretion filtrate : Protect the skin barrier and Soothe sensitized skin after breakouts by replenishing moisture • Peptides : Reduce dark circles, fine lines and wrinkles",
All-Day Sun Protection Duo,46.00,https://cdn.shopify.com/s/files/1/0513/3775/6828/files/e_-__800x1067_e51c42f1-fbf8-4f2d-987a-20a9d10cdd74.jpg?v=1776761697,,
Aloe 54.2 Aqua Tone-up Sunscreen SPF 50+ PA++++,0.00,"https://cdn.shopify.com/s/files/1/0513/3775/6828/files/aloe-54-2-aqua-tone-up-sunscreen-spf-50-pa-cosrx-official-1.jpg?v=1724836911,https://cdn.shopify.com/s/files/1/0513/3775/6828/files/aloe-54-2-aqua-tone-up-sunscreen-spf-50-pa-cosrx-official-2.jpg?v=1724836913,https://cdn.shopify.com/s/files/1/0513/3775/6828/files/aloe-54-2-aqua-tone-up-sunscreen-spf-50-pa-cosrx-official-3.jpg?v=1724836915,https://cdn.shopify.com/s/files/1/0513/3775/6828/files/aloe-54-2-aqua-tone-up-sunscreen-spf-50-pa-cosrx-official-4.jpg?v=1724836917,https://cdn.shopify.com/s/files/1/0513/3775/6828/files/aloe-54-2-aqua-tone-up-sunscreen-spf-50-pa-cosrx-official-5.jpg?v=1724836919,https://cdn.shopify.com/s/files/1/0513/3775/6828/files/aloe-54-2-aqua-tone-up-sunscreen-spf-50-pa-cosrx-official-6.jpg?v=1724836921,https://cdn.shopify.com/s/files/1/0513/3775/6828/files/aloe-54-2-aqua-tone-up-sunscreen-spf-50-pa-cosrx-official-7.jpg?v=1724836923,https://cdn.shopify.com/s/files/1/0513/3775/6828/files/aloe-54-2-aqua-tone-up-sunscreen-spf-50-pa-cosrx-official-8.jpg?v=1724836925",• 54.2% of Aloe Barbadensis Leaf Water : Helps soothe sunburn and UV-induced skin damage. Boosts moisture in the skin. • Vitamin B12 (Cyanocobalamin) : Helps relieve sensitive skin (dryness and acne) Protects and prevents skin damage from UV rays. • Vitamin B3 (Niacinamide) : Relieves skin damage and barrier disruption caused by missed UV rays. Helps to prevent pigmentation. • Hyaluronic acid : Prevents dryness Increases skin elasticity • Allantoin : Soothes irritation. Helps moisture stay within the skin.,
Aloe Soothing Sun Cream  SPF50+/ PA+++,16.00,"https://cdn.shopify.com/s/files/1/0513/3775/6828/files/aloe-soothing-sun-cream-spf50-pa-cosrx-official-1.jpg?v=1724835559,https://cdn.shopify.com/s/files/1/0513/3775/6828/files/aloe-soothing-sun-cream-spf50-pa-cosrx-official-2.jpg?v=1724835561,https://cdn.shopify.com/s/files/1/0513/3775/6828/files/aloe-soothing-sun-cream-spf50-pa-cosrx-official-3.jpg?v=1724835563,https://cdn.shopify.com/s/files/1/0513/3775/6828/files/aloe-soothing-sun-cream-spf50-pa-cosrx-official-4.jpg?v=1724835566,https://cdn.shopify.com/s/files/1/0513/3775/6828/files/aloe-soothing-sun-cream-spf50-pa-cosrx-official-5.jpg?v=1724835568,https://cdn.shopify.com/s/files/1/0513/3775/6828/files/aloe-soothing-sun-cream-spf50-pa-cosrx-official-6.jpg?v=1724835570,https://cdn.shopify.com/s/files/1/0513/3775/6828/files/aloe-soothing-sun-cream-spf50-pa-cosrx-official-7.jpg?v=1724835572,https://cdn.shopify.com/s/files/1/0513/3775/6828/files/aloe-soothing-sun-cream-spf50-pa-cosrx-official-8.jpg?v=1724835574,https://cdn.shopify.com/s/files/1/0513/3775/6828/files/aloe-soothing-sun-cream-spf50-pa-cosrx-official-9.jpg?v=1724835576,https://cdn.shopify.com/s/files/1/0513/3775/6828/files/aloe-soothing-sun-cream-spf50-pa-cosrx-official-10.jpg?v=1724835579","• Aloe Complex 55,000ppm : Soothes & hydrates",
Balancium Comfort Ceramide Cream,26.00,"https://cdn.shopify.com/s/files/1/0513/3775/6828/files/balancium-comfort-ceramide-cream-cosrx-official-1.jpg?v=1724836862,https://cdn.shopify.com/s/files/1/0513/3775/6828/files/balancium-comfort-ceramide-cream-cosrx-official-2.jpg?v=1724836864,https://cdn.shopify.com/s/files/1/0513/3775/6828/files/balancium-comfort-ceramide-cream-cosrx-official-3.jpg?v=1724836866,https://cdn.shopify.com/s/files/1/0513/3775/6828/files/balancium-comfort-ceramide-cream-cosrx-official-4.jpg?v=1724836868,https://cdn.shopify.com/s/files/1/0513/3775/6828/files/balancium-comfort-ceramide-cream-cosrx-official-5.jpg?v=1724836870,https://cdn.shopify.com/s/files/1/0513/3775/6828/files/balancium-comfort-ceramide-cream-cosrx-official-6.jpg?v=1724836872,https://cdn.shopify.com/s/files/1/0513/3775/6828/files/balancium-comfort-ceramide-cream-cosrx-official-7.jpg?v=1724836874",,
Balancium Comfort Ceramide Soft Cream Sheet Mask,6.00,"https://cdn.shopify.com/s/files/1/0513/3775/6828/files/balancium-comfort-ceramide-soft-cream-sheet-mask-cosrx-official-1.jpg?v=1724835930,https://cdn.shopify.com/s/files/1/0513/3775/6828/files/balancium-comfort-ceramide-soft-cream-sheet-mask-cosrx-official-2.jpg?v=1724835932,https://cdn.shopify.com/s/files/1/0513/3775/6828/files/balancium-comfort-ceramide-soft-cream-sheet-mask-cosrx-official-3.jpg?v=1724835934,https://cdn.shopify.com/s/files/1/0513/3775/6828/files/balancium-comfort-ceramide-soft-cream-sheet-mask-cosrx-official-4.jpg?v=1724835936,https://cdn.shopify.com/s/files/1/0513/3775/6828/files/balancium-comfort-ceramide-soft-cream-sheet-mask-cosrx-official-5.jpg?v=1724835939,https://cdn.shopify.com/s/files/1/0513/3775/6828/files/balancium-comfort-ceramide-soft-cream-sheet-mask-cosrx-official-6.jpg?v=1724835941,https://cdn.shopify.com/s/files/1/0513/3775/6828/files/balancium-comfort-ceramide-soft-cream-sheet-mask-cosrx-official-7.jpg?v=1724835944,https://cdn.shopify.com/s/files/1/0513/3775/6828/files/balancium-comfort-ceramide-soft-cream-sheet-mask-cosrx-official-8.jpg?v=1724835946,https://cdn.shopify.com/s/files/1/0513/3775/6828/files/balancium-comfort-ceramide-soft-cream-sheet-mask-cosrx-official-9.jpg?v=1724835948,https://cdn.shopify.com/s/files/1/0513/3775/6828/files/balancium-comfort-ceramide-soft-cream-sheet-mask-cosrx-official-10.jpg?v=1724835950","• Ceramide NP 2,800 ppm : Replenish moisture and restore the damaged skin barrier",
BHA Blackhead Power Liquid,25.00,"https://cdn.shopify.com/s/files/1/0513/3775/6828/files/bha-blackhead-power-liquid-cosrx-official-1.jpg?v=1689840681,https://cdn.shopify.com/s/files/1/0513/3775/6828/files/BHA_Blackhead_Toner_01_1.webp?v=1780904909,https://cdn.shopify.com/s/files/1/0513/3775/6828/files/BHA_Blackhead_Toner_03_1.webp?v=1780904909,https://cdn.shopify.com/s/files/1/0513/3775/6828/files/BHA_Blackhead_Toner_05_1.webp?v=1780904954,https://cdn.shopify.com/s/files/1/0513/3775/6828/files/BHA_Blackhead_Toner_06_1.webp?v=1780904977,https://cdn.shopify.com/s/files/1/0513/3775/6828/files/BHA_Blackhead_Toner_07_1.webp?v=1780904909,https://cdn.shopify.com/s/files/1/0513/3775/6828/files/BHA_Blackhead_Toner_08.jpg?v=1783658778,https://cdn.shopify.com/s/files/1/0513/3775/6828/files/BHA_Blackhead_Toner_09_1.webp?v=1780904909,https://cdn.shopify.com/s/files/1/0513/3775/6828/files/BHA_Blackhead_Toner_10_1.webp?v=1780904909",• Salix Alba (Willow) Bark Water +Betaine Salicylate : Clears clogged pores & improves skin tone and texture • Niacinamide : Reduces marks from spots & boosts radiance,
Brightening Boost,50.00,"https://cdn.shopify.com/s/files/1/0513/3775/6828/files/01__AD_C_23_8998780b-3124-400e-95c8-b9a619cc13ca.jpg?v=1772785652,https://cdn.shopify.com/s/files/1/0513/3775/6828/files/The6_Peptid_Serum_1.jpg?v=1765432487,https://cdn.shopify.com/s/files/1/0513/3775/6828/files/The6_Peptid_Serum_2.jpg?v=1765432487,https://cdn.shopify.com/s/files/1/0513/3775/6828/files/The6_Peptid_Serum_3.jpg?v=1765432487,https://cdn.shopify.com/s/files/1/0513/3775/6828/files/The6_Peptid_Serum_4.jpg?v=1765432487,https://cdn.shopify.com/s/files/1/0513/3775/6828/files/The6_Peptid_Serum_5_2.jpg?v=1765432487,https://cdn.shopify.com/s/files/1/0513/3775/6828/files/The6_Peptid_Serum_6.jpg?v=1765432487,https://cdn.shopify.com/s/files/1/0513/3775/6828/files/The6_Peptid_Serum_9.jpg?v=1774586420,https://cdn.shopify.com/s/files/1/0513/3775/6828/files/The6_Peptid_Serum_10.jpg?v=1774586420,https://cdn.shopify.com/s/files/1/0513/3775/6828/files/The6_Peptid_Serum_11.jpg?v=1774586420,https://cdn.shopify.com/s/files/1/0513/3775/6828/files/The6_Peptid_Serum_12.jpg?v=1774586420,https://cdn.shopify.com/s/files/1/0513/3775/6828/files/The6_Peptid_Serum_13.jpg?v=1774586420,https://cdn.shopify.com/s/files/1/0513/3775/6828/files/The6_Peptid_Serum_15.jpg?v=1774586420",6 Peptides : Restores multiple skin concerns • SH-Polypeptide-121: Collagen Boosting & Plumping • Copper Tripeptide-1: Retexturize • Dipeptide Diaminobutyroyl Benzylamide Diacetate: Excess Sebum & Pore Care • Oligopeptide-68: Brightening • Palmitoyl Tripeptide-8: Soothe & Reduce Skin Sensitivity • Acetyl Hexapeptide-8: Smooth Fine Lines & Firmness,150mL (5.07 fl.oz)
Centella Blemish Cream,21.00,"https://cdn.shopify.com/s/files/1/0513/3775/6828/files/centella-blemish-cream-cosrx-official-1.jpg?v=1724835126,https://cdn.shopify.com/s/files/1/0513/3775/6828/files/centella-blemish-cream-cosrx-official-2.jpg?v=1724835128,https://cdn.shopify.com/s/files/1/0513/3775/6828/files/centella-blemish-cream-cosrx-official-3.jpg?v=1724835130,https://cdn.shopify.com/s/files/1/0513/3775/6828/files/centella-blemish-cream-cosrx-official-4.jpg?v=1724835132,https://cdn.shopify.com/s/files/1/0513/3775/6828/files/centella-blemish-cream-cosrx-official-5.jpg?v=1724835134,https://cdn.shopify.com/s/files/1/0513/3775/6828/files/centella-blemish-cream-cosrx-official-6.jpg?v=1724835136,https://cdn.shopify.com/s/files/1/0513/3775/6828/files/centella-blemish-cream-cosrx-official-7.jpg?v=1724835139",• 50.79% Centella water : Soothe irritated skin and calm inflammed red skin • 7% Zinc Oxide,
Centella Water Alcohol-Free Toner,17.00,"https://cdn.shopify.com/s/files/1/0513/3775/6828/files/centella-water-alcohol-free-toner-cosrx-official-1.jpg?v=1724835527,https://cdn.shopify.com/s/files/1/0513/3775/6828/files/centella-water-alcohol-free-toner-cosrx-official-2.jpg?v=1724835530,https://cdn.shopify.com/s/files/1/0513/3775/6828/files/centella-water-alcohol-free-toner-cosrx-official-3.jpg?v=1724835532","• 84.69% Jeju mineral water : Create glowy, smooth look by hydrating and nourishing the skin • 10% Centella Asiatica leaf water : Help soothe irritated skin and calm inflammed red skin",
Clear Fit Master Patch,6.00,"https://cdn.shopify.com/s/files/1/0513/3775/6828/files/clear-fit-master-patch-cosrx-official-1.jpg?v=1724835502,https://cdn.shopify.com/s/files/1/0513/3775/6828/files/clear-fit-master-patch-cosrx-official-2.jpg?v=1724835504,https://cdn.shopify.com/s/files/1/0513/3775/6828/files/clear-fit-master-patch-cosrx-official-3.jpg?v=1724835506,https://cdn.shopify.com/s/files/1/0513/3775/6828/files/clear-fit-master-patch-cosrx-official-4.jpg?v=1724041143,https://cdn.shopify.com/s/files/1/0513/3775/6828/files/clear-fit-master-patch-cosrx-official-5.jpg?v=1724835510,https://cdn.shopify.com/s/files/1/0513/3775/6828/files/clear-fit-master-patch-cosrx-official-6.jpg?v=1724835512",,
COSRX 5 PDRN B5 Vital Soothing Toner,23.00,"https://cdn.shopify.com/s/files/1/0513/3775/6828/files/5PDRN_Toner_00.webp?v=1761526535,https://cdn.shopify.com/s/files/1/0513/3775/6828/files/5PDRN_Toner_01__2.webp?v=1761732095,https://cdn.shopify.com/s/files/1/0513/3775/6828/files/5PDRN_Toner_02.webp?v=1761732095,https://cdn.shopify.com/s/files/1/0513/3775/6828/files/5PDRN_Toner_03.webp?v=1761732095,https://cdn.shopify.com/s/files/1/0513/3775/6828/files/5PDRN_Toner_04.webp?v=1761732095,https://cdn.shopify.com/s/files/1/0513/3775/6828/files/5PDRN_Toner_05.webp?v=1761732095,https://cdn.shopify.com/s/files/1/0513/3775/6828/files/5PDRN_Toner_07__2.webp?v=1762906197,https://cdn.shopify.com/s/files/1/0513/3775/6828/files/5PDRN_Toner_09__2.webp?v=1762906197,https://cdn.shopify.com/s/files/1/0513/3775/6828/files/5PDRN_Toner_10.webp?v=1762906197,https://cdn.shopify.com/s/files/1/0513/3775/6828/files/5PDRN_Toner_12.webp?v=1762906197,https://cdn.shopify.com/s/files/1/0513/3775/6828/files/5PDRN_Toner_14.webp?v=1762906197,https://cdn.shopify.com/s/files/1/0513/3775/6828/files/5PDRN_Serum_17.webp?v=1762906197,https://cdn.shopify.com/s/files/1/0513/3775/6828/files/5PDRN_Serum_18__2.webp?v=1762906197,https://cdn.shopify.com/s/files/1/0513/3775/6828/files/5PDRN_Toner_small_090947f5-045b-4df5-8c53-548d7db64f19.jpg?v=1780550880","• 5 PDRN : Boost skin repair, reduce aging signs, and brighten skin. • Vitamin B5 (Panthenic Acid, Panthenol) : Delivers active nourishment and soothes sensitive skin for a stronger barrier. • Acetyl Hexapeptide-8, Adenosine, Low Molecular Weight Collagen (200 Da) : Work synergistically to improve sagging skin, reduce wrinkles, enhance firmness, and restore vitality. • 8 Types of Hyaluronic Acid (Low, Medium & High Molecular Weight) : Provide deep, multi-layered hydration to replenish moisture and maintain skin’s plumpness.","280 mL / 9.46 fl oz,80 mL / 2.71 fl oz"
COSRX 5 PDRN Collagen Intense Vitalizing Serum,25.00,"https://cdn.shopify.com/s/files/1/0513/3775/6828/files/5PDRN_Serum_01__2_1.webp?v=1761900283,https://cdn.shopify.com/s/files/1/0513/3775/6828/files/5PDRN_Serum_02__1.webp?v=1761900283,https://cdn.shopify.com/s/files/1/0513/3775/6828/files/5PDRN_Serum_03__1.webp?v=1761900283,https://cdn.shopify.com/s/files/1/0513/3775/6828/files/5PDRN_Serum_04__1.webp?v=1761900283,https://cdn.shopify.com/s/files/1/0513/3775/6828/files/5PDRN_Serum_05__1.webp?v=1761900283,https://cdn.shopify.com/s/files/1/0513/3775/6828/files/5PDRN_Serum_08__2_1.webp?v=1762906527,https://cdn.shopify.com/s/files/1/0513/3775/6828/files/5PDRN_Serum_10__1.webp?v=1762906527,https://cdn.shopify.com/s/files/1/0513/3775/6828/files/5PDRN_Serum_11__1.webp?v=1762906527,https://cdn.shopify.com/s/files/1/0513/3775/6828/files/5PDRN_Serum_13__1.webp?v=1762906527,https://cdn.shopify.com/s/files/1/0513/3775/6828/files/5PDRN_Serum_14__1.webp?v=1762906527,https://cdn.shopify.com/s/files/1/0513/3775/6828/files/5PDRN_Serum_17.jpg?v=1762906527,https://cdn.shopify.com/s/files/1/0513/3775/6828/files/5PDRN_Serum_18__2.jpg?v=1762906527,https://cdn.shopify.com/s/files/1/0513/3775/6828/files/5PDRN_Serum_00_41bfc9ae-bbf5-40a2-a27c-35b27a2f0780.webp?v=1761526605,https://cdn.shopify.com/s/files/1/0513/3775/6828/files/5PDRN_Serum_small_fcd9651e-2b7e-450f-941e-228aae44457e.jpg?v=1780550849","• 5 PDRN : Boost skin repair, reduce aging signs, and brighten skin. • Low Molecular Weight Collagen (200 Da) : Boosts vitality, brightens skin, improves blemishes, and strengthens the skin barrier. • Niacinamide & Alpha-Arbutin : Improve pigmentation, even skin tone, and enhance radiance. • 8 Types of Hyaluronic Acid (Low, Medium & High Molecular Weight) : Provide deep, multi-layered hydration to replenish moisture and maintain skin’s plumpness. • Panthenol & Allantoin : Soothe and calm sensitive skin with weakened natural defenses, helping to reduce irritation.","100 mL / 3.38 fl oz,50 mL / 1.69 fl oz"
COSRX 5 PDRN Collagen Vitalizing Hydrogel Eye Patch,23.00,"https://cdn.shopify.com/s/files/1/0513/3775/6828/files/5PDRN_EyePatch_00.webp?v=1772608315,https://cdn.shopify.com/s/files/1/0513/3775/6828/files/5PDRN_EyePatch_01.webp?v=1772608315,https://cdn.shopify.com/s/files/1/0513/3775/6828/files/5PDRN_EyePatch_02.webp?v=1772608315,https://cdn.shopify.com/s/files/1/0513/3775/6828/files/5PDRN_EyePatch_03_8bd422aa-f32b-4332-870b-0b2f5bfed3a1.webp?v=1772759966,https://cdn.shopify.com/s/files/1/0513/3775/6828/files/5PDRN_EyePatch_04.webp?v=1772759966,https://cdn.shopify.com/s/files/1/0513/3775/6828/files/5PDRN_EyePatch_05.webp?v=1772759966,https://cdn.shopify.com/s/files/1/0513/3775/6828/files/5PDRN_EyePatch_07.webp?v=1772759966,https://cdn.shopify.com/s/files/1/0513/3775/6828/files/5PDRN_EyePatch_08_abec475b-8a49-4ad8-b363-9a88957bec31.webp?v=1772759966,https://cdn.shopify.com/s/files/1/0513/3775/6828/files/5PDRN_EyePatch_09.webp?v=1772759966,https://cdn.shopify.com/s/files/1/0513/3775/6828/files/5PDRN_EyePatch_11.webp?v=1772759966,https://cdn.shopify.com/s/files/1/0513/3775/6828/files/5PDRN_EyePatch_13_db2af273-c0e2-465b-bf71-5c7f3743b889.webp?v=1772759966,https://cdn.shopify.com/s/files/1/0513/3775/6828/files/5PDRN_EyePatch_14.webp?v=1772759966,https://cdn.shopify.com/s/files/1/0513/3775/6828/files/5PDRN_EyePatch_15.webp?v=1772759966,https://cdn.shopify.com/s/files/1/0513/3775/6828/files/5PDRN_EyePatch_16.webp?v=1772759966,https://cdn.shopify.com/s/files/1/0513/3775/6828/files/5PDRN_EyePatch_17.webp?v=1772759966,https://cdn.shopify.com/s/files/1/0513/3775/6828/files/5PDRN_EyePatch_18.webp?v=1772759966,https://cdn.shopify.com/s/files/1/0513/3775/6828/files/5PDRN_EyePatch_19.webp?v=1772759966,https://cdn.shopify.com/s/files/1/0513/3775/6828/files/5PDRN_EyePatch_20.webp?v=1772759966,https://cdn.shopify.com/s/files/1/0513/3775/6828/files/5PDRN_EyePatch_21.webp?v=1772759966,https://cdn.shopify.com/s/files/1/0513/3775/6828/files/5PDRN_EyePatch_22.webp?v=1772759966,https://cdn.shopify.com/s/files/1/0513/3775/6828/files/5PDRN_EyePatch_23.webp?v=1772759966","• 5 PDRN Complex (Salmon, Centella, Rice, Lactobacillus, Sea Grape) : A multi-dimensional PDRN blend combining salmon-, plant-, and microorganism-derived sources to target vitality, brightening, and age-care in a single complex. → Dark Circle Care · Brightening · Revitalizing • 100Da Low-Molecular Collagen : 100Da Collagen that penetrates the under-eye area to visibly improve firmness and plump up tired, sunken skin. → Firming · Plumping ALSO CONTAINS Peptide, 5-Type Hyaluronic Acid, Caffeine, Vitamin C, Vitamin B12, Glutathione",
COSRX 5 PDRN Hyaluronic Acid Vital Hydrating Hydrogel Mask,15.00,"https://cdn.shopify.com/s/files/1/0513/3775/6828/files/5PDRN_Hydrogel_Mask_00.webp?v=1761526641,https://cdn.shopify.com/s/files/1/0513/3775/6828/files/5PDRN_Hydrogel_Mask_02.webp?v=1775194995,https://cdn.shopify.com/s/files/1/0513/3775/6828/files/5PDRN_Hydrogel_Mask_03.webp?v=1775194995,https://cdn.shopify.com/s/files/1/0513/3775/6828/files/5PDRN_Hydrogel_Mask_05.webp?v=1775194995,https://cdn.shopify.com/s/files/1/0513/3775/6828/files/5PDRN_Hydrogel_Mask_07.webp?v=1775194995,https://cdn.shopify.com/s/files/1/0513/3775/6828/files/5PDRN_Hydrogel_Mask_08.webp?v=1775194995,https://cdn.shopify.com/s/files/1/0513/3775/6828/files/5PDRN_Hydrogel_Mask_09.webp?v=1775194995,https://cdn.shopify.com/s/files/1/0513/3775/6828/files/5PDRN_Hydrogel_Mask_10.webp?v=1775194995,https://cdn.shopify.com/s/files/1/0513/3775/6828/files/5PDRN_Hydrogel_Mask_11.webp?v=1775194995,https://cdn.shopify.com/s/files/1/0513/3775/6828/files/5PDRN_Hydrogel_Mask_12.webp?v=1775194995,https://cdn.shopify.com/s/files/1/0513/3775/6828/files/5PDRN_Hydrogel_Mask_13.webp?v=1775194995,https://cdn.shopify.com/s/files/1/0513/3775/6828/files/5PDRN_Hydrogel_Mask_14.webp?v=1775194995,https://cdn.shopify.com/s/files/1/0513/3775/6828/files/5PDRN_Hydrogel_Mask_15.webp?v=1775194995,https://cdn.shopify.com/s/files/1/0513/3775/6828/files/5PDRN_Hydrogel_Mask_16-1.webp?v=1775194995,https://cdn.shopify.com/s/files/1/0513/3775/6828/files/5PDRN_Hydrogel_Mask_17_1.webp?v=1775194995,https://cdn.shopify.com/s/files/1/0513/3775/6828/files/5PDRN_Hydrogel_Mask_19.webp?v=1775194995,https://cdn.shopify.com/s/files/1/0513/3775/6828/files/5PDRN_Hydrogel_Mask_20.webp?v=1775194995,https://cdn.shopify.com/s/files/1/0513/3775/6828/files/5PDRN_Hydrogel_Mask_21.webp?v=1775194995,https://cdn.shopify.com/s/files/1/0513/3775/6828/files/5PDRN_Hydrogel_Mask_22.webp?v=1775194995,https://cdn.shopify.com/s/files/1/0513/3775/6828/files/5PDRN_Hydrogel_Mask_23.webp?v=1775194995,https://cdn.shopify.com/s/files/1/0513/3775/6828/files/5PDRN_Hydrogel_Mask_24.webp?v=1775194995,https://cdn.shopify.com/s/files/1/0513/3775/6828/files/1_aa33d15d-932c-41fd-9443-4c873458fea7.jpg?v=1775194995","• 5 PDRN : Boost skin recovery, improve signs of aging, enhance radiance, and reduce dark spots. • 8 Types of Hyaluronic Acid (Low, Medium & High Molecular Weight) : Provide deep, multi-layered hydration to replenish moisture and maintain skin’s plumpness. • Niacinamide & Alpha-Arbutin : Improve pigmentation, even skin tone, and enhance radiance. • Acetyl Hexapeptide-8, Adenosine, Low Molecular Weight Collagen (200 Da) : Work synergistically to improve sagging skin, reduce wrinkles, enhance firmness, and restore vitality. • Panthenol & Allantoin : Soothe and calm sensitive skin with weakened natural defenses, helping to reduce discomfort.",
COSRX AIRY-LIGHT OIL CONTROL CLEAR SUNSCREEN STICK SPF 50,23.00,"https://cdn.shopify.com/s/files/1/0513/3775/6828/files/Airy-Light_Clear_SunStick_00_ffd57aae-2ac6-4ab6-870a-ccd935fc20c3.jpg?v=1778562098,https://cdn.shopify.com/s/files/1/0513/3775/6828/files/Airy-Light_Clear_SunStick_01F.webp?v=1749085530,https://cdn.shopify.com/s/files/1/0513/3775/6828/files/Airy-Light_Clear_SunStick_02__2.webp?v=1749085530,https://cdn.shopify.com/s/files/1/0513/3775/6828/files/Airy-Light_Clear_SunStick_03__3.jpg?v=1774597090,https://cdn.shopify.com/s/files/1/0513/3775/6828/files/Airy-Light_Clear_SunStick_04__2.webp?v=1774597090,https://cdn.shopify.com/s/files/1/0513/3775/6828/files/Airy-Light_Clear_SunStick_05__2.webp?v=1774597090,https://cdn.shopify.com/s/files/1/0513/3775/6828/files/Airy-Light_Clear_SunStick_08__2.webp?v=1774597090,https://cdn.shopify.com/s/files/1/0513/3775/6828/files/Airy-Light_Clear_SunStick_07__3.jpg?v=1774597090,https://cdn.shopify.com/s/files/1/0513/3775/6828/files/Airy-Light_Clear_SunStick_09__2.webp?v=1774597090,https://cdn.shopify.com/s/files/1/0513/3775/6828/files/Airy-Light_Clear_SunStick_10__2.webp?v=1774597090,https://cdn.shopify.com/s/files/1/0513/3775/6828/files/Airy-Light_Clear_SunStick_11__2.webp?v=1774597090,https://cdn.shopify.com/s/files/1/0513/3775/6828/files/Airy-Light_Clear_SunStick_12__2.webp?v=1774597090,https://cdn.shopify.com/s/files/1/0513/3775/6828/files/Airy-Light_Clear_SunStick_13__2.webp?v=1774597090,https://cdn.shopify.com/s/files/1/0513/3775/6828/files/Airy-Light_Clear_SunStick_15__2.webp?v=1774597090,https://cdn.shopify.com/s/files/1/0513/3775/6828/files/Airy-Light_Clear_SunStick_16__2.webp?v=1774597090,https://cdn.shopify.com/s/files/1/0513/3775/6828/files/Airy-Light_Clear_SunStick_14__3.jpg?v=1774597090,https://cdn.shopify.com/s/files/1/0513/3775/6828/files/Airy-Light_Clear_SunStick_17__2.webp?v=1774597090,https://cdn.shopify.com/s/files/1/0513/3775/6828/files/Airy-Light_Clear_SunStick_18__2.webp?v=1774597090,https://cdn.shopify.com/s/files/1/0513/3775/6828/files/Airy-Light_Clear_SunStick_19__2.webp?v=1774597090,https://cdn.shopify.com/s/files/1/0513/3775/6828/files/Airy-Light_Clear_SunStick_20__2.webp?v=1774597090",• Vitamin E(Tocopheryl Acetate) & Vitamin C(3-O-Ethyl Ascorbic) : Protects the skin from damage caused by oxidative stress • Panthenol(B5) : Soothes irritation and protects against damage • Sodium Hyaluronate : Provides hydration and alleviates dryness,
COSRX Azelaic Acid 10 B5 Redness Soothing Cream,20.00,"https://cdn.shopify.com/s/files/1/0513/3775/6828/files/AzelaicAcid_10_Cream_00.webp?v=1782456881,https://cdn.shopify.com/s/files/1/0513/3775/6828/files/AzelaicAcid_10_Cream_01.webp?v=1782710254,https://cdn.shopify.com/s/files/1/0513/3775/6828/files/AzelaicAcid_10_Cream_02.webp?v=1782710254,https://cdn.shopify.com/s/files/1/0513/3775/6828/files/AzelaicAcid_10_Cream_03.webp?v=1782710255,https://cdn.shopify.com/s/files/1/0513/3775/6828/files/AzelaicAcid_10_Cream_05.webp?v=1782710255,https://cdn.shopify.com/s/files/1/0513/3775/6828/files/AzelaicAcid_10_Cream_06.webp?v=1782710255,https://cdn.shopify.com/s/files/1/0513/3775/6828/files/AzelaicAcid_10_Cream_07.webp?v=1782710254,https://cdn.shopify.com/s/files/1/0513/3775/6828/files/AzelaicAcid_10_Cream_08.webp?v=1782710254,https://cdn.shopify.com/s/files/1/0513/3775/6828/files/AzelaicAcid_10_Cream_09.webp?v=1782710254,https://cdn.shopify.com/s/files/1/0513/3775/6828/files/AzelaicAcid_10_Cream_10.webp?v=1782710254,https://cdn.shopify.com/s/files/1/0513/3775/6828/files/AzelaicAcid_10_Cream_11.webp?v=1782710255,https://cdn.shopify.com/s/files/1/0513/3775/6828/files/AzelaicAcid_10_Cream_12__-elementor-io-optimized.webp?v=1782718423,https://cdn.shopify.com/s/files/1/0513/3775/6828/files/AzelaicAcid_10_Cream_13.webp?v=1782710342,https://cdn.shopify.com/s/files/1/0513/3775/6828/files/AzelaicAcid_10_Cream_14.webp?v=1782710342,https://cdn.shopify.com/s/files/1/0513/3775/6828/files/AzelaicAcid_10_Cream_15.webp?v=1782710342,https://cdn.shopify.com/s/files/1/0513/3775/6828/files/AzelaicAcid_10_Cream_16.webp?v=1782710342,https://cdn.shopify.com/s/files/1/0513/3775/6828/files/AzelaicAcid_10_Cream_18.webp?v=1782710342,https://cdn.shopify.com/s/files/1/0513/3775/6828/files/AzelaicAcid_10_Cream_19.webp?v=1782710342",": Azelaic Acid 10% Size: 30mL / 1.01 fl. oz. $20.00 Default Title Quantity Minus Plus Add to Cart COSRX Azelaic Acid 10 B5 Redness Soothing Cream is backordered and will ship as soon as it is back in stock. Shop easier with Share Translation missing: en.general.social.share_on_x Pinterest Pin it Instagram Translation missing: en.general.social.share_on_instagram Translation missing: en.general.social.share_on_tiktok Translation missing: en.general.social.share_on_linkedin DETAILS BENEFITS • Visibly calms the appearance of redness and blemishes with a highly concentrated 10% Azelaic Acid for a clearer, more even-looking complexion • Targets multiple skin concerns — excess sebum, clogged pores, post-blemish marks, and uneven texture — through a 5-in-1 multi-action approach • Supports the skin barrier with a pH 4 mild acidic formula to help maintain a balanced, comfortable-looking complexion • Non-comedogenic tested & clinically shown to help visibly reduce redness caused by physical irritation after 1 use TARGETS • Blemish-Prone Skin with Recurring Breakouts • Redness & Uneven Skin Tone • Excess Sebum & Clogged Pores • Rough Texture & Enlarged Pores • Post-Blemish Marks & Discoloration • Sensitive Skin Prone to Irritation & Dryness HOW TO USE Once or twice daily, apply a proper amount evenly to the face, avoiding the eye area. *Cautions* 1. For external use only. Avoid direct contact with the eyes. If contact occurs, rinse thoroughly with water. Discontinue use immediately if irritation occurs and consult a doctor. 2. Use a sunscreen daily while using this product and for a week after ceasing use. 3. Product's contact with skin must be of limited frequency or duration. 4. When used as a spot treatment, this product can be used in combination with high-potency products(Retinol, Alpha-Arbutin, Vitamin C, Niacinamide, AHA/BHA); however, strong irritation may occur depending on your skin condition. When applying to the entire face, use at a different time of day. INGREDIENTS KEY INGREDIENTS • Azelaic Acid 10%: A clarifying acid that helps visibly reduce the appearance of blemishes, redness, and post-acne marks while supporting a clearer, more even-looking complexion. • Panthenol (Vitamin B5): A provitamin that deeply conditions and soothes the skin, helping to visibly improve the appearance of hydration and comfort for a softer, more supple-feeling complexion. • Centella Asiatica Complex (4 Actives — Madecassoside, Asiaticoside, Madecassic Acid, Asiatic Acid): A plant-derived blend that helps visibly calm the appearance of redness and irritation while supporting a more balanced, comfortable-looking complexion. • Alpha-Arbutin: A skin-brightening ingredient that helps visibly improve the appearance of dark spots and post-blemish marks for a more even, uniform-looking skin tone. • Zinc PCA: A sebum-regulating ingredient that helps visibly minimize excess shine and supports a balanced skin environment for blemish-prone skin.",
COSRX Azelaic Acid 20 B5 Redness Soothing Cream,22.00,"https://cdn.shopify.com/s/files/1/0513/3775/6828/files/AzelaicAcid_20_Cream_00-elementor-io-optimized_053c8df8-aeba-4cb7-afd5-e07570dfad48.webp?v=1782711153,https://cdn.shopify.com/s/files/1/0513/3775/6828/files/AzelaicAcid_20_Cream_01-elementor-io-optimized.webp?v=1782711067,https://cdn.shopify.com/s/files/1/0513/3775/6828/files/AzelaicAcid_20_Cream_02-elementor-io-optimized.webp?v=1782711067,https://cdn.shopify.com/s/files/1/0513/3775/6828/files/AzelaicAcid_20_Cream_03-elementor-io-optimized.webp?v=1782711067,https://cdn.shopify.com/s/files/1/0513/3775/6828/files/AzelaicAcid_20_Cream_05-elementor-io-optimized.webp?v=1782711067,https://cdn.shopify.com/s/files/1/0513/3775/6828/files/AzelaicAcid_20_Cream_06-elementor-io-optimized.webp?v=1782711067,https://cdn.shopify.com/s/files/1/0513/3775/6828/files/AzelaicAcid_20_Cream_07-elementor-io-optimized.webp?v=1782711067,https://cdn.shopify.com/s/files/1/0513/3775/6828/files/AzelaicAcid_20_Cream_08-elementor-io-optimized.webp?v=1782711067,https://cdn.shopify.com/s/files/1/0513/3775/6828/files/AzelaicAcid_20_Cream_09-elementor-io-optimized.webp?v=1782711067,https://cdn.shopify.com/s/files/1/0513/3775/6828/files/AzelaicAcid_20_Cream_10-elementor-io-optimized.webp?v=1782711067,https://cdn.shopify.com/s/files/1/0513/3775/6828/files/AzelaicAcid_20_Cream_11-elementor-io-optimized.webp?v=1782711067,https://cdn.shopify.com/s/files/1/0513/3775/6828/files/AzelaicAcid_20_Cream_12.webp?v=1783057188,https://cdn.shopify.com/s/files/1/0513/3775/6828/files/AzelaicAcid_20_Cream_13-elementor-io-optimized.webp?v=1782711067,https://cdn.shopify.com/s/files/1/0513/3775/6828/files/AzelaicAcid_20_Cream_14-elementor-io-optimized.webp?v=1782711067,https://cdn.shopify.com/s/files/1/0513/3775/6828/files/AzelaicAcid_20_Cream_15-elementor-io-optimized.webp?v=1782711067,https://cdn.shopify.com/s/files/1/0513/3775/6828/files/AzelaicAcid_20_Cream_16-elementor-io-optimized.webp?v=1782711067,https://cdn.shopify.com/s/files/1/0513/3775/6828/files/AzelaicAcid_20_Cream_18-elementor-io-optimized.webp?v=1782711067,https://cdn.shopify.com/s/files/1/0513/3775/6828/files/AzelaicAcid_20_Cream_19-elementor-io-optimized.webp?v=1782711067",": AzelaicAcid 20% Size: 30mL / 1.01 fl. oz. Not available at COSRX.COM Share Translation missing: en.general.social.share_on_x Pinterest Pin it Instagram Translation missing: en.general.social.share_on_instagram Translation missing: en.general.social.share_on_tiktok Translation missing: en.general.social.share_on_linkedin DETAILS BENEFITS • Intensively targets persistent redness and stubborn blemishes with high-strength 20% Azelaic Acid for a noticeably clearer complexion • Targets multiple skin concerns — excess sebum, clogged pores, post-blemish marks, and uneven texture — through a 5-in-1 multi-action approach • Supports the skin barrier with a pH 4 mild acidic formula to help maintain a balanced, comfortable-looking complexion • Non-comedogenic tested & clinically shown to help visibly reduce redness caused by physical irritation after 1 use TARGETS • Blemish-Prone Skin with Recurring Breakouts • Redness-Prone & Reactive Skin • Excess Sebum & Clogged Pores • Rough Texture & Enlarged Pores • Stubborn Post-Blemish Marks & Discoloration • Sensitive Skin Prone to Irritation & Dryness HOW TO USE Once or twice daily, apply a proper amount evenly to the face, avoiding the eye area. *Cautions* 1. For external use only. Avoid direct contact with the eyes. If contact occurs, rinse thoroughly with water. Discontinue use immediately if irritation occurs and consult a doctor. 2. Use a sunscreen daily while using this product and for a week after ceasing use. 3. Product's contact with skin must be of limited frequency or duration. 4. When used as a spot treatment, this product may be used in combination with high-potency actives (Retinol, Alpha-Arbutin, Vitamin C, Niacinamide, AHA/BHA); however, strong irritation may occur depending on your skin condition. When applying to the entire face, use at a different time of day. INGREDIENTS KEY INGREDIENTS • Azelaic Acid 20%: A high-strength clarifying acid that intensively targets persistent blemishes, visible redness, and stubborn post-acne marks for a noticeably more even-looking complexion. • Panthenol (Vitamin B5): A provitamin that deeply conditions and soothes the skin, helping to visibly improve the appearance of hydration and comfort for a softer, more supple-feeling complexion. • Centella Asiatica Complex (4 Actives — Madecassoside, Asiaticoside, Madecassic Acid, Asiatic Acid): A plant-derived blend that helps visibly calm the appearance of redness and irritation while supporting a more balanced, comfortable-looking complexion. • Alpha-Arbutin: A skin-brightening ingredient that helps visibly improve the appearance of dark spots and post-blemish marks for a more even, uniform-looking skin tone. • Zinc PCA: A sebum-regulating ingredient that helps visibly minimize excess shine and supports a balanced skin environment for blemish-prone skin.",
COSRX Centella Blemish Cream 30mL,0.00,,,
COSRX One Step Green Calming Pad,22.00,"https://cdn.shopify.com/s/files/1/0513/3775/6828/files/Green_Pad_0.jpg?v=1694078299,https://cdn.shopify.com/s/files/1/0513/3775/6828/files/Green_Pad_1_2.jpg?v=1726731326,https://cdn.shopify.com/s/files/1/0513/3775/6828/files/Green_Pad_2.jpg?v=1725350806,https://cdn.shopify.com/s/files/1/0513/3775/6828/products/Green_Pad_12.jpg?v=1725350806,https://cdn.shopify.com/s/files/1/0513/3775/6828/files/Green_Pad_3.jpg?v=1725350806,https://cdn.shopify.com/s/files/1/0513/3775/6828/files/Green_Pad_4.jpg?v=1725350806,https://cdn.shopify.com/s/files/1/0513/3775/6828/files/Green_Pad_5.jpg?v=1725350806,https://cdn.shopify.com/s/files/1/0513/3775/6828/files/Green_Pad_6.jpg?v=1725350806,https://cdn.shopify.com/s/files/1/0513/3775/6828/files/Green_Pad_8.jpg?v=1725350806,https://cdn.shopify.com/s/files/1/0513/3775/6828/files/Green_Pad_7.jpg?v=1725350806,https://cdn.shopify.com/s/files/1/0513/3775/6828/files/Green_Pad_9.jpg?v=1725350806,https://cdn.shopify.com/s/files/1/0513/3775/6828/files/Green_Pad_10.jpg?v=1725350806",,
COSRX PDRN EXOSOME Skinplaning Glaze Mask,17.00,"https://cdn.shopify.com/s/files/1/0513/3775/6828/files/PDRN_Exosome_mask_00_7c9e832c-f72c-443a-b1a4-730bc669b15b.webp?v=1770886507,https://cdn.shopify.com/s/files/1/0513/3775/6828/files/PDRN_Exosome_mask_01__3.webp?v=1770886507,https://cdn.shopify.com/s/files/1/0513/3775/6828/files/PDRN_Exosome_mask_02.webp?v=1770886507,https://cdn.shopify.com/s/files/1/0513/3775/6828/files/PDRN_Exosome_mask_03.webp?v=1770886507,https://cdn.shopify.com/s/files/1/0513/3775/6828/files/PDRN_Exosome_mask_04.webp?v=1770886507,https://cdn.shopify.com/s/files/1/0513/3775/6828/files/PDRN_Exosome_mask_05.webp?v=1770886507,https://cdn.shopify.com/s/files/1/0513/3775/6828/files/PDRN_Exosome_mask_06_629c87ce-4346-4c50-87b8-5e65d9f94516.webp?v=1770886507,https://cdn.shopify.com/s/files/1/0513/3775/6828/files/PDRN_Exosome_mask_07.webp?v=1770886507,https://cdn.shopify.com/s/files/1/0513/3775/6828/files/PDRN_Exosome_mask_08.webp?v=1770886507,https://cdn.shopify.com/s/files/1/0513/3775/6828/files/PDRN_Exosome_mask_09.webp?v=1770886507,https://cdn.shopify.com/s/files/1/0513/3775/6828/files/PDRN_Exosome_mask_10.webp?v=1770886507,https://cdn.shopify.com/s/files/1/0513/3775/6828/files/PDRN_Exosome_mask_11.webp?v=1770886507,https://cdn.shopify.com/s/files/1/0513/3775/6828/files/PDRN_Exosome_mask_12.webp?v=1770886507,https://cdn.shopify.com/s/files/1/0513/3775/6828/files/PDRN_Exosome_mask_13.webp?v=1770886507,https://cdn.shopify.com/s/files/1/0513/3775/6828/files/PDRN_Exosome_mask_14.webp?v=1770886507,https://cdn.shopify.com/s/files/1/0513/3775/6828/files/PDRN_Exosome_mask_15.webp?v=1770886507,https://cdn.shopify.com/s/files/1/0513/3775/6828/files/PDRN_Exosome_mask_16.webp?v=1770886507","• PDRN (Polydeoxyribonucleotide) : A DNA-derived ingredient originally from salmon, known for its skin-friendly structure. Helps send “repair signals” to boost elasticity and restore natural radiance. • Exosome (Lactobacillus & Centella-derived) : Tiny vesicles packed with proteins and growth factors that mimic the benefits of probiotics and Centella. Deliver powerful skin-boosting nutrients deep into the skin for firm, glowing results. *PDRN + EXOSOME Synergy* Work through different mechanisms to restore skin’s natural glow more effectively—plumping, strengthening, and revitalizing from within.",
COSRX PEPTIDE-132 Hair Bonding Mini Kit,36.00,"https://cdn.shopify.com/s/files/1/0513/3775/6828/files/MG_8341_113d90bc-e4ab-4f60-a0ea-9ceb7db683cf.png?v=1773640481,https://cdn.shopify.com/s/files/1/0513/3775/6828/files/Peptide_132_mini_Kit_02.jpg?v=1773640481,https://cdn.shopify.com/s/files/1/0513/3775/6828/files/Peptide_132_mini_Kit_03.jpg?v=1773640481,https://cdn.shopify.com/s/files/1/0513/3775/6828/files/Peptide_132_17.jpg?v=1774589017,https://cdn.shopify.com/s/files/1/0513/3775/6828/files/Peptide_132_04_Treatment_0f552864-ccf5-40fa-817d-e80960126402.webp?v=1774588896,https://cdn.shopify.com/s/files/1/0513/3775/6828/files/Peptide_132_06_08007346-18d7-4ac5-96b2-45b453760ffb.webp?v=1774588896,https://cdn.shopify.com/s/files/1/0513/3775/6828/files/Peptide_132_08_Shampoo.webp?v=1774588896,https://cdn.shopify.com/s/files/1/0513/3775/6828/files/Peptide_132_07_Treatment.webp?v=1774588896,https://cdn.shopify.com/s/files/1/0513/3775/6828/files/Peptide_132_07_OilSerum_783febd4-652b-48e3-af0e-e6b494754147.webp?v=1774588896,https://cdn.shopify.com/s/files/1/0513/3775/6828/files/Peptide_132_18_89222389-552a-4317-b96c-4f98fe172982.webp?v=1774588957",,
COSRX PEPTIDE-132 Ultra Perfect Hair Bonding Oil Serum,23.00,"https://cdn.shopify.com/s/files/1/0513/3775/6828/files/Peptide_132_00_OilSerum.webp?v=1750221847,https://cdn.shopify.com/s/files/1/0513/3775/6828/files/Peptide_132_04_OilSerum.webp?v=1750844824,https://cdn.shopify.com/s/files/1/0513/3775/6828/files/Peptide_132_06_7457d606-fad1-4d14-8493-1c3106e24248.webp?v=1750844824,https://cdn.shopify.com/s/files/1/0513/3775/6828/files/Peptide_132_08_OilSerum.webp?v=1750844824,https://cdn.shopify.com/s/files/1/0513/3775/6828/files/Peptide_132_09_OilSerum.webp?v=1750844824,https://cdn.shopify.com/s/files/1/0513/3775/6828/files/Peptide_132_15_OilSerum_a579010a-e9a3-41d8-b87f-a32c03cfa552.webp?v=1750844824,https://cdn.shopify.com/s/files/1/0513/3775/6828/files/Peptide_132_16_OilSerum.webp?v=1750844824,https://cdn.shopify.com/s/files/1/0513/3775/6828/files/Peptide_132_17_OilSerum.webp?v=1750844824,https://cdn.shopify.com/s/files/1/0513/3775/6828/files/Peptide_132_17.jpg?v=1774589017,https://cdn.shopify.com/s/files/1/0513/3775/6828/files/Peptide_132_19.webp?v=1774589017","• PEPTIDE-132 : Hair Protein Recharge, Hair Keratin Bonding • Vitamin E (Tocopherol) : Antioxidant Protection, Shine Boost, Scalp & Hair Nourishment • 7 Botanical Oils (Olive Oil, Argan Kernel Oil, Camellia Seed Oil, Jojoba Oil, Rice Bran Oil, Macadamia Seed Oil, Grape Seed Oil) : Moisture Lock, Frizz Control, Shine & Smoothness",
COSRX PEPTIDE-132 Ultra Perfect Hair Bonding Shampoo,37.00,"https://cdn.shopify.com/s/files/1/0513/3775/6828/files/Peptide_132_00_Shampoo.webp?v=1773219196,https://cdn.shopify.com/s/files/1/0513/3775/6828/files/Peptide_132_mini_Kit_09.webp?v=1773221391,https://cdn.shopify.com/s/files/1/0513/3775/6828/files/Peptide_132_04_Shampoo_21a60ba4-e63c-48ea-b38c-e6e431e79e12.webp?v=1773221391,https://cdn.shopify.com/s/files/1/0513/3775/6828/files/Peptide_132_06.webp?v=1773221391,https://cdn.shopify.com/s/files/1/0513/3775/6828/files/Peptide_132_08_Shampoo.webp?v=1774588896,https://cdn.shopify.com/s/files/1/0513/3775/6828/files/Peptide_132_13_Shampoo_b7c4f61d-c1ed-4586-9383-53a4b21e1aab.webp?v=1773221391,https://cdn.shopify.com/s/files/1/0513/3775/6828/files/Peptide_132_14_Shampoo_58af6794-f376-4cb9-9d61-b7ea88ec08a2.webp?v=1773221391,https://cdn.shopify.com/s/files/1/0513/3775/6828/files/Peptide_132_15_Shampoo_97b441cd-d034-487c-ad7e-10cdf0054ff7.webp?v=1773221391,https://cdn.shopify.com/s/files/1/0513/3775/6828/files/Peptide_132_16_Shampoo_658fd783-e083-4428-8ac0-9bf2bb4e16eb.webp?v=1773221391,https://cdn.shopify.com/s/files/1/0513/3775/6828/files/Peptide_132_17.jpg?v=1774589017,https://cdn.shopify.com/s/files/1/0513/3775/6828/files/Peptide_132_18_1c02f14d-c751-4788-bc90-af4002f2fcc8.webp?v=1774588991,https://cdn.shopify.com/s/files/1/0513/3775/6828/files/Peptide_132_Shampoo_03_400ml_7771cfaa-f0cf-4251-8469-24ee6deb69e8.jpg?v=1774588991,https://cdn.shopify.com/s/files/1/0513/3775/6828/files/Peptide_132_Shampoo_02_200ml_e4de4bd5-bd4a-40b7-a2fc-a652396ab304.jpg?v=1774588991,https://cdn.shopify.com/s/files/1/0513/3775/6828/files/Peptide_132_Shampoo_01_100ml_5ad47732-fbfa-42e0-9670-b33bae200e2d.jpg?v=1774588991,https://cdn.shopify.com/s/files/1/0513/3775/6828/files/Peptide_132_Shampoo_02_200ml_09fca1e8-61f0-4f8c-af3a-0c30b0d0c851.jpg?v=1774588991","• PEPTIDE-132 : Hair Protein Recharge, Hair Keratin Bonding • Hydrolyzed Vegetable Protein, Low-Molecular Collagen, 18 Types of Amino Acids : Hair Protein Recharge • Biotin, Panthenol, Niacinamide, Tocopherol : Scalp Soothing, Hair Conditioning","400mL,200mL,100mL"
COSRX PEPTIDE-132 Ultra Perfect Hair Bonding Treatment,37.00,"https://cdn.shopify.com/s/files/1/0513/3775/6828/files/Peptide_132_00_Treatment.webp?v=1773219354,https://cdn.shopify.com/s/files/1/0513/3775/6828/files/Peptide_132_mini_Kit_04_9fcf15b2-e711-4459-ac5a-c56112b97d9a.jpg?v=1773221461,https://cdn.shopify.com/s/files/1/0513/3775/6828/files/Peptide_132_04_Treatment_0f552864-ccf5-40fa-817d-e80960126402.webp?v=1774588896,https://cdn.shopify.com/s/files/1/0513/3775/6828/files/Peptide_132_06_08007346-18d7-4ac5-96b2-45b453760ffb.webp?v=1774588896,https://cdn.shopify.com/s/files/1/0513/3775/6828/files/Peptide_132_08_Treatment.webp?v=1773221461,https://cdn.shopify.com/s/files/1/0513/3775/6828/files/Peptide_132_11_Treatment.webp?v=1773221461,https://cdn.shopify.com/s/files/1/0513/3775/6828/files/Peptide_132_14_Treatment_4ee0ae83-df17-4fcc-8b37-cd8c83b64f0f.webp?v=1773221461,https://cdn.shopify.com/s/files/1/0513/3775/6828/files/Peptide_132_15_Treatment_5fb3b4ba-4207-4a84-883b-00cd41967bf3.webp?v=1773221461,https://cdn.shopify.com/s/files/1/0513/3775/6828/files/Peptide_132_16_Treatment.webp?v=1773221461,https://cdn.shopify.com/s/files/1/0513/3775/6828/files/Peptide_132_mini_Kit_07.jpg?v=1773221461,https://cdn.shopify.com/s/files/1/0513/3775/6828/files/Peptide_132_17.jpg?v=1774589017,https://cdn.shopify.com/s/files/1/0513/3775/6828/files/Peptide_132_18_89222389-552a-4317-b96c-4f98fe172982.webp?v=1774588957,https://cdn.shopify.com/s/files/1/0513/3775/6828/files/Peptide_132_Treatment_03_240ml_2a7ab6bc-a56d-49b1-bc67-77fb5bec8de5.jpg?v=1774588957,https://cdn.shopify.com/s/files/1/0513/3775/6828/files/Peptide_132_Treatment_02_120ml_67ffa861-f16d-441a-bb4f-890861898087.jpg?v=1774588957,https://cdn.shopify.com/s/files/1/0513/3775/6828/files/Peptide_132_Treatment_01_60ml_5307dc32-bcf0-43f6-b7c2-0d601c1d9dfc.jpg?v=1774588957,https://cdn.shopify.com/s/files/1/0513/3775/6828/files/Peptide_132_Treatment_02_120ml_74dd6f06-574f-4931-99e6-b5541f3521af.jpg?v=1774588957","• PEPTIDE-132 : Hair Protein Recharge, Hair Keratin Bonding • Hydrolyzed Vegetable Protein, Low-Molecular Collagen, 18 Types of Amino Acids : Hair Protein Recharge • Biotin, Panthenol, Niacinamide, Tocopherol : Scalp Soothing, Hair Conditioning","240mL,120mL,60mL"
COSRX RED RICE INOSITOL Exfoliating Care Pore Wash-Off Peel Serum,22.00,"https://cdn.shopify.com/s/files/1/0513/3775/6828/files/Thumb_RedRice_Inositol_Serum_800x1067_1cb5f547-d3ec-4d5b-bbd8-4d4c7700dd16.webp?v=1775037226,https://cdn.shopify.com/s/files/1/0513/3775/6828/files/RedRice_Inositol_Serum_05.webp?v=1776304808,https://cdn.shopify.com/s/files/1/0513/3775/6828/files/RedRice_Inositol_Serum_06.webp?v=1776304808,https://cdn.shopify.com/s/files/1/0513/3775/6828/files/RedRice_Inositol_Serum_07_1.webp?v=1778061000,https://cdn.shopify.com/s/files/1/0513/3775/6828/files/RedRice_Inositol_Serum_08.webp?v=1776304808,https://cdn.shopify.com/s/files/1/0513/3775/6828/files/RedRice_Inositol_Serum_09.webp?v=1776304808,https://cdn.shopify.com/s/files/1/0513/3775/6828/files/RedRice_Inositol_Serum_10.webp?v=1776304808,https://cdn.shopify.com/s/files/1/0513/3775/6828/files/RedRice_Inositol_Serum_11_1.webp?v=1777005964,https://cdn.shopify.com/s/files/1/0513/3775/6828/files/RedRice_Inositol_Serum_14.webp?v=1776304808,https://cdn.shopify.com/s/files/1/0513/3775/6828/files/RedRice_Inositol_Serum_18.webp?v=1776304808","• Red Rice Extract : Fermented red rice with 2x more active ingredients than conventional rice, gently caring for dead skin cells and excess sebum for a visibly cleaner, more refined complexion. • Inositol : A rice-derived active that deeply replenishes moisture, leaving skin plump and supple. • Phytic Acid : A natural acid-type active sourced from rice that refines skin texture and helps restore moisture-oil balance after peeling. *3 key ingredients, one goal — visibly minimize the appearance of pores and control excess sebum.",
COSRX RED RICE INOSITOL Pore Clarifying Deep Cleanser,20.00,"https://cdn.shopify.com/s/files/1/0513/3775/6828/files/Thumb_RedRice_Inositol_DeepCleanser_800x1067_1.webp?v=1775037121,https://cdn.shopify.com/s/files/1/0513/3775/6828/files/RedRice_Inositol_Creanser_02.webp?v=1776305302,https://cdn.shopify.com/s/files/1/0513/3775/6828/files/RedRice_Inositol_Creanser_03.webp?v=1776305302,https://cdn.shopify.com/s/files/1/0513/3775/6828/files/RedRice_Inositol_Creanser_04.webp?v=1776305302,https://cdn.shopify.com/s/files/1/0513/3775/6828/files/RedRice_Inositol_Creanser_06_1.webp?v=1779441106,https://cdn.shopify.com/s/files/1/0513/3775/6828/files/RedRice_Inositol_Creanser_07.webp?v=1776305302,https://cdn.shopify.com/s/files/1/0513/3775/6828/files/RedRice_Inositol_Creanser_08.webp?v=1776305302,https://cdn.shopify.com/s/files/1/0513/3775/6828/files/RedRice_Inositol_Creanser_09_2.webp?v=1776305302,https://cdn.shopify.com/s/files/1/0513/3775/6828/files/RedRice_Inositol_Creanser_10.webp?v=1776305302,https://cdn.shopify.com/s/files/1/0513/3775/6828/files/RedRice_Inositol_Creanser_11.webp?v=1776305302,https://cdn.shopify.com/s/files/1/0513/3775/6828/files/RedRice_Inositol_Creanser_13.webp?v=1776305302,https://cdn.shopify.com/s/files/1/0513/3775/6828/files/RedRice_Inositol_Creanser_14.webp?v=1776305302,https://cdn.shopify.com/s/files/1/0513/3775/6828/files/RedRice_Inositol_Creanser_15.webp?v=1776305302,https://cdn.shopify.com/s/files/1/0513/3775/6828/files/RedRice_Inositol_Creanser_16.webp?v=1776305302,https://cdn.shopify.com/s/files/1/0513/3775/6828/files/RedRice_Inositol_Creanser_17.webp?v=1776305302","• Red Rice Extract : A special red rice crafted by fermenting conventional rice with Monascus, delivering superior efficacy compared to regular rice. • Inositol : A rice-derived active that deeply replenishes moisture, leaving skin plump and supple. • Phytic Acid : A natural acid-type active sourced from rice that refines skin texture.",
COSRX Skin Barrier Moisturizing Body Cream,25.00,"https://cdn.shopify.com/s/files/1/0513/3775/6828/files/Skinbarrier_Cream_00_9ea9d922-f996-448a-b5b0-372c79f1043c.webp?v=1755070414,https://cdn.shopify.com/s/files/1/0513/3775/6828/files/Skinbarrier_Cream_02__3.webp?v=1755070414,https://cdn.shopify.com/s/files/1/0513/3775/6828/files/Skinbarrier_Cream_04.webp?v=1755070414,https://cdn.shopify.com/s/files/1/0513/3775/6828/files/Skinbarrier_Cream_05__2_1.webp?v=1755677703,https://cdn.shopify.com/s/files/1/0513/3775/6828/files/Skinbarrier_Cream_07__3.webp?v=1755677703,https://cdn.shopify.com/s/files/1/0513/3775/6828/files/Skinbarrier_Cream_08__2.webp?v=1755677703,https://cdn.shopify.com/s/files/1/0513/3775/6828/files/Skinbarrier_Cream_09.webp?v=1755677703,https://cdn.shopify.com/s/files/1/0513/3775/6828/files/Skinbarrier_Cream_12.webp?v=1755677703,https://cdn.shopify.com/s/files/1/0513/3775/6828/files/Skinbarrier_Cream_13__2.webp?v=1755677703,https://cdn.shopify.com/s/files/1/0513/3775/6828/files/Skinbarrier_Cream_14.webp?v=1755677703,https://cdn.shopify.com/s/files/1/0513/3775/6828/files/Skinbarrier_Cream_16__A2.webp?v=1755677703,https://cdn.shopify.com/s/files/1/0513/3775/6828/files/Skinbarrier_Cream_17__3.webp?v=1755677703","•  5-Ceramide Complex (Ceramide NP, NS, AP, AS, EOP): Reinforces the skin barrier and prevents moisture loss by mimicking skin’s natural lipids. •  Cholesterol & Fatty Acids : Essential lipids that support barrier repair and restore skin elasticity and resilience. • Phytosphingosine, Squalane : Soothe irritation and help balance skin’s moisture levels for a healthy, nourished feel. • Multi-molecular Hyaluronic Acid (5 types) : Delivers multi-depth hydration and plumps dehydrated skin without heaviness. • Panthenol (Vitamin B5) : Calms redness and irritation while enhancing moisture retention and skin softness. •  NMF (Natural Moisturizing Factor) : Replenishes skin’s natural moisture components to maintain long-lasting hydration.",
COSRX The Alpha-Arbutin Discoloration Care Hydrogel Mask,15.00,"https://cdn.shopify.com/s/files/1/0513/3775/6828/files/Alpha-Arbutin_Hydroge_Mask_00.webp?v=1749692231,https://cdn.shopify.com/s/files/1/0513/3775/6828/files/Alpha-Arbutin_Hydrogel_Mask_02.webp?v=1746779815,https://cdn.shopify.com/s/files/1/0513/3775/6828/files/Alpha-Arbutin_Hydrogel_Mask_03.webp?v=1747299320,https://cdn.shopify.com/s/files/1/0513/3775/6828/files/Alpha-Arbutin_Hydrogel_Mask_05.webp?v=1747299320,https://cdn.shopify.com/s/files/1/0513/3775/6828/files/Alpha-Arbutin_Hydrogel_Mask_06.webp?v=1747299320,https://cdn.shopify.com/s/files/1/0513/3775/6828/files/Alpha-Arbutin_Hydrogel_Mask_07.jpg?v=1747299320,https://cdn.shopify.com/s/files/1/0513/3775/6828/files/Alpha-Arbutin_Hydrogel_Mask_08_0cf2917c-8cbf-419c-abe0-5b211abc30f3.jpg?v=1747616658,https://cdn.shopify.com/s/files/1/0513/3775/6828/files/Alpha-Arbutin_Hydrogel_Mask_09.webp?v=1747616658,https://cdn.shopify.com/s/files/1/0513/3775/6828/files/Alpha-Arbutin_Hydrogel_Mask_10.jpg?v=1747616658,https://cdn.shopify.com/s/files/1/0513/3775/6828/files/Alpha-Arbutin_Hydrogel_Mask_11.webp?v=1747616658,https://cdn.shopify.com/s/files/1/0513/3775/6828/files/Alpha-Arbutin_Hydrogel_Mask_12.webp?v=1747616658,https://cdn.shopify.com/s/files/1/0513/3775/6828/files/Alpha-Arbutin_Hydrogel_Mask_13.webp?v=1747616658,https://cdn.shopify.com/s/files/1/0513/3775/6828/files/Alpha-Arbutin_Hydrogel_Mask_15.webp?v=1747616658,https://cdn.shopify.com/s/files/1/0513/3775/6828/files/Alpha-Arbutin_Hydrogel_Mask_16.jpg?v=1747616658,https://cdn.shopify.com/s/files/1/0513/3775/6828/files/Alpha-Arbutin_Hydrogel_Mask_17.webp?v=1747616658,https://cdn.shopify.com/s/files/1/0513/3775/6828/files/Alpha-Arbutin_Hydrogel_Mask_18.webp?v=1747616658,https://cdn.shopify.com/s/files/1/0513/3775/6828/files/Alpha-Arbutin_Hydrogel_Mask_19.webp?v=1747616658","• Alpha-Arbutin : Brightens the skin for a clearer, more radiant complexion • Niacinamide & N-Acetyl Glucosamine (NAG) : Improves skin clarity and evens out skin tone • Glutathione & Ferulic acid : Enhances and prolongs brightening effects • Low Molecular Weight Collagen (200Da) & Adenosine : Boosts elasticity and improves skin firmness • 5 types of Hyaluronic Acids + Panthenol : Delivers deep, lasting hydration • 5 types of Ceramides + Cholesterol & Fatty Acids : Strengthens the skin's moisture barrier • Betaine & Allantoin : Soothes and calms sensitive skin",
COSRX The Blue Peptide Bakuchiol Hydra Plump Boosting Mist,0.00,,,
COSRX The Blue Peptide Bakuchiol Plump Bounce Cream,28.00,"https://cdn.shopify.com/s/files/1/0513/3775/6828/files/BluePeptide_Cream_00.webp?v=1779876169,https://cdn.shopify.com/s/files/1/0513/3775/6828/files/BluePeptide_Cream_01__1.webp?v=1779876169,https://cdn.shopify.com/s/files/1/0513/3775/6828/files/BluePeptide__-_1_4a29784c-2bb4-4edb-bae8-8ae8587d4320.jpg?v=1780658817,https://cdn.shopify.com/s/files/1/0513/3775/6828/files/BluePeptide_Cream_02_1.webp?v=1779876169,https://cdn.shopify.com/s/files/1/0513/3775/6828/files/BluePeptide_Cream_03_1.webp?v=1779876169,https://cdn.shopify.com/s/files/1/0513/3775/6828/files/BluePeptide_Cream_05_1.webp?v=1779876169,https://cdn.shopify.com/s/files/1/0513/3775/6828/files/BluePeptide_Cream_06__1.webp?v=1779876169,https://cdn.shopify.com/s/files/1/0513/3775/6828/files/BluePeptide_Cream_07__1.webp?v=1779876169,https://cdn.shopify.com/s/files/1/0513/3775/6828/files/BluePeptide_Cream_08_2.webp?v=1779876702,https://cdn.shopify.com/s/files/1/0513/3775/6828/files/BluePeptide_Cream_09_1.webp?v=1779876169,https://cdn.shopify.com/s/files/1/0513/3775/6828/files/BluePeptide_Cream_10_c28a7c66-d165-4548-85f4-39395dd08677.webp?v=1779876216,https://cdn.shopify.com/s/files/1/0513/3775/6828/files/BluePeptide_Cream_12__1.webp?v=1779876511,https://cdn.shopify.com/s/files/1/0513/3775/6828/files/BluePeptide_Cream_13.webp?v=1779876800,https://cdn.shopify.com/s/files/1/0513/3775/6828/files/BluePeptide_Cream_16__1.webp?v=1779876654,https://cdn.shopify.com/s/files/1/0513/3775/6828/files/BluePeptide_Cream_17.webp?v=1779876217,https://cdn.shopify.com/s/files/1/0513/3775/6828/files/BluePeptide_Cream_18.webp?v=1779876616,https://cdn.shopify.com/s/files/1/0513/3775/6828/files/BluePeptide_Cream_19.webp?v=1779876578,https://cdn.shopify.com/s/files/1/0513/3775/6828/files/BluePeptide_Cream_22_1.webp?v=1779876216",": Copper Peptide 0.5% (5,000ppm) + Bakuchiol 0.05% (500ppm) Size: 50mL / 1.69 fl. oz. $25.20 $28.00 Default Title Quantity Minus Plus Add to Cart COSRX The Blue Peptide Bakuchiol Plump Bounce Cream is backordered and will ship as soon as it is back in stock. Shop easier with Share Translation missing: en.general.social.share_on_x Pinterest Pin it Instagram Translation missing: en.general.social.share_on_instagram Translation missing: en.general.social.share_on_tiktok Translation missing: en.general.social.share_on_linkedin DETAILS BENEFITS • Visibly awakens the look of skin vitality with the naturally blue-hued Copper Tripeptide-1 for a visibly firmer, more energized complexion • Targets multiple aging concerns — pores, texture, radiance, and elasticity — with Bakuchiol and 5 Multi-Peptides • Reinforces the skin barrier with Ceramide, Cholesterol & Fatty Acids to lock in moisture and seal in actives from previous skincare steps • Supports early signs of aging care to help maintain the look of firm, resilient skin before visible concerns deepen TARGETS • Sensitive Skin Looking for Daily Early Signs of Aging Care • Skin Lacking Firmness & Elasticity • Dryness • Enlarged Pores & Uneven Skin Texture • Dark Spots & Uneven Skin Tone • Fine Lines & Wrinkles HOW TO USE After cleansing and serum step, apply adequate amount on the face and spread the product from the inside out, avoiding the eye area. *Cautions* 1. If irritation, redness, swelling, or itching occurs during or after use, discontinue and consult a dermatologist. 2. Avoid applying to broken or damaged skin. 3. Keep out of reach of children. Store away from direct sunlight. 4. As these are potent formulations, please avoid using them together with high-concentration Vitamin C products, including our Vitamin C 13 Serum & Vitamin C 23 Serum. We recommend using them at different times of the day (morning/evening) to help optimize absorption and maximize the benefits of each product. INGREDIENTS KEY INGREDIENTS • Copper Tripeptide-1 (GHK-Cu): A naturally blue-hued ingredient that helps support the look of skin resilience, while visibly improving the appearance of early signs of aging for a firmer-looking complexion. • Bakuchiol: A plant-derived active from Babchi, traditionally used in skincare for its conditioning properties. A gentle alternative to retinol that supports early signs of aging care — suitable for sensitive skin and retinol beginners. • 5 Multi-Peptide Complex : A blend of 5 peptides formulated to help visibly improve the look of skin firmness and texture through multiple pathways. • Niacinamide 2%: Helps visibly improve the appearance of uneven skin tone for a brighter-looking complexion.",
COSRX The Blue Peptide Bakuchiol Plump Glow Serum,27.00,"https://cdn.shopify.com/s/files/1/0513/3775/6828/files/BluePeptide_Serum_00.jpg?v=1777444989,https://cdn.shopify.com/s/files/1/0513/3775/6828/files/BluePeptide_Serum_01_e12a9b68-8aca-4628-ba86-9b46beef3f49.jpg?v=1781770967,https://cdn.shopify.com/s/files/1/0513/3775/6828/files/BluePeptide__-_1_a80f0d8b-adf4-41db-b8cc-3d285079be19.jpg?v=1780659432,https://cdn.shopify.com/s/files/1/0513/3775/6828/files/BluePeptide_Serum_02__3.webp?v=1777521461,https://cdn.shopify.com/s/files/1/0513/3775/6828/files/BluePeptide_Serum_03.webp?v=1777521461,https://cdn.shopify.com/s/files/1/0513/3775/6828/files/BluePeptide_Serum_05.webp?v=1777521461,https://cdn.shopify.com/s/files/1/0513/3775/6828/files/BluePeptide_Serum_06_881b3d87-cdda-4aa9-bc5d-083fc7a29938.webp?v=1779356242,https://cdn.shopify.com/s/files/1/0513/3775/6828/files/BluePeptide_Serum_07_f40b94b8-8231-4c1a-93ac-962e1ccb5a46.webp?v=1779356251,https://cdn.shopify.com/s/files/1/0513/3775/6828/files/BluePeptide_Serum_08.webp?v=1777521460,https://cdn.shopify.com/s/files/1/0513/3775/6828/files/BluePeptide_Serum_10.webp?v=1779356257,https://cdn.shopify.com/s/files/1/0513/3775/6828/files/BluePeptide_Serum_11__3.webp?v=1777521460,https://cdn.shopify.com/s/files/1/0513/3775/6828/files/BluePeptide_Serum_14.webp?v=1777522179,https://cdn.shopify.com/s/files/1/0513/3775/6828/files/BluePeptide_Serum_15__2.webp?v=1777522179,https://cdn.shopify.com/s/files/1/0513/3775/6828/files/BluePeptide_Serum_17_5a79319f-0b1b-44bc-800e-733f54acbee9.webp?v=1779356260",": Copper Peptide 0.5% (5,000ppm) + Bakuchiol 0.25% (2,500ppm) Size: 50mL / 1.69 fl. oz. $24.30 $27.00 Default Title Quantity Minus Plus Add to Cart COSRX The Blue Peptide Bakuchiol Plump Glow Serum is backordered and will ship as soon as it is back in stock. Shop easier with Share Translation missing: en.general.social.share_on_x Pinterest Pin it Instagram Translation missing: en.general.social.share_on_instagram Translation missing: en.general.social.share_on_tiktok Translation missing: en.general.social.share_on_linkedin DETAILS BENEFITS • Visibly awakens the look of skin vitality with the naturally blue-hued Copper Tripeptide-1 for a visibly firmer, more energized complexion • Multi-action formula centered around Bakuchiol to help visibly minimize the appearance of pores, smooth skin texture, and enhance the look of radiance • Helps visibly plump the look of skin for a deeply hydrated, bouncy-looking complexion with a luminous, glass-like glow • Supports early signs of aging care to help maintain the look of firm, resilient skin before visible concerns deepen • Lightweight, fluid formula that glides smoothly onto skin, leaving a visibly even-textured finish TARGETS • Sensitive Skin Looking for Daily Early Signs of Aging Care • Skin Lacking Firmness & Elasticity • Dehydrated or Dry Skin • Enlarged Pores & Uneven Skin Texture • Dark Spots & Uneven Skin Tone HOW TO USE After cleansing and toning step, apply adequate amount on the face and spread the product from the inside out, avoiding the eye area. *Cautions* 1. If irritation, redness, swelling, or itching occurs during or after use, discontinue and consult a dermatologist. 2. Avoid applying to broken or damaged skin. 3. Keep out of reach of children. Store away from direct sunlight. 4. As these are potent formulations, please avoid using them together with high-concentration Vitamin C products, including our Vitamin C 13 Serum & Vitamin C 23 Serum. We recommend using them at different times of the day (morning/evening) to help optimize absorption and maximize the benefits of each product. INGREDIENTS KEY INGREDIENTS • Copper Tripeptide-1 (GHK-Cu): A naturally blue-hued ingredient that helps support the look of skin resilience, while visibly improving the appearance of early signs of aging for a firmer-looking complexion. • Bakuchiol: A plant-derived active from Babchi, traditionally used in skincare for its conditioning properties. A gentle alternative to retinol that supports early signs of aging care — suitable for sensitive skin and retinol beginners. • 5 Multi-Peptide Complex : A blend of 5 peptides formulated to help visibly improve the look of skin firmness and texture through multiple pathways. • Collagen & 5-Type Hyaluronic Acid: Formulated with collagen and a multi-molecular hyaluronic acid complex to help support the look of plump, hydrated skin. • Panthenol, Betaine & Tocopherol : A protective trio that helps soothe visible irritation and support skin resilience against everyday stressors. • Niacinamide: Helps visibly improve the appearance of uneven skin tone for a brighter-looking complexion.",
COSRX The Peptide Collagen Lifting Glow Hydrogel Mask,15.00,"https://cdn.shopify.com/s/files/1/0513/3775/6828/files/Peptide_Hydrogel_Mask_00.webp?v=1749777658,https://cdn.shopify.com/s/files/1/0513/3775/6828/files/Peptide_Hydrogel_Mask_02_160c1dea-715a-4437-82c1-9dcfe8a265f6.webp?v=1780289432,https://cdn.shopify.com/s/files/1/0513/3775/6828/files/Peptide_Hydrogel_Mask_03.webp?v=1746780112,https://cdn.shopify.com/s/files/1/0513/3775/6828/files/Peptide_Hydrogel_Mask_05_9bb486f6-9873-46b9-b16f-7c88eb905a85.webp?v=1780289431,https://cdn.shopify.com/s/files/1/0513/3775/6828/files/Peptide_Hydrogel_Mask_07_5cf05402-4b13-4598-a45f-7f2f21fec5b4.webp?v=1780289431,https://cdn.shopify.com/s/files/1/0513/3775/6828/files/Peptide_Hydrogel_Mask_08.webp?v=1746780161,https://cdn.shopify.com/s/files/1/0513/3775/6828/files/Peptide_Hydrogel_Mask_09_1b39fae7-6cb4-4fdb-8556-592100de417a.webp?v=1780289431,https://cdn.shopify.com/s/files/1/0513/3775/6828/files/Peptide_Hydrogel_Mask_10.webp?v=1746780161,https://cdn.shopify.com/s/files/1/0513/3775/6828/files/Peptide_Hydrogel_Mask_11.webp?v=1746780161,https://cdn.shopify.com/s/files/1/0513/3775/6828/files/Peptide_Hydrogel_Mask_12.webp?v=1746780161,https://cdn.shopify.com/s/files/1/0513/3775/6828/files/Peptide_Hydrogel_Mask_13.webp?v=1746780161,https://cdn.shopify.com/s/files/1/0513/3775/6828/files/Peptide_Hydrogel_Mask_14.webp?v=1746780161,https://cdn.shopify.com/s/files/1/0513/3775/6828/files/Peptide_Hydrogel_Mask_15__2.webp?v=1780289431,https://cdn.shopify.com/s/files/1/0513/3775/6828/files/Peptide_Hydrogel_Mask_16_21473bae-573f-475d-bdde-11b04906bd9d.webp?v=1780289432,https://cdn.shopify.com/s/files/1/0513/3775/6828/files/Peptide_Hydrogel_Mask_17.webp?v=1746780161,https://cdn.shopify.com/s/files/1/0513/3775/6828/files/5PDRN_Hydrogel_Mask_21.webp?v=1775194995,https://cdn.shopify.com/s/files/1/0513/3775/6828/files/Peptide_Hydrogel_Mask_19.webp?v=1746780161,https://cdn.shopify.com/s/files/1/0513/3775/6828/files/Peptide_Hydrogel_Mask_20_f85c2e12-15f9-423f-818b-f47490d7bd22.webp?v=1780289431,https://cdn.shopify.com/s/files/1/0513/3775/6828/files/250407_HydrogelMask4441_R1.webp?v=1754898195","• 6 types of Peptides : Multi-functional care for wrinkles, skin texture, pores and soothing • Low Molecular Weight Collagen (200Da) : Boosts skin elasticity and firmness • Niacinamide & N-Acetyl Glucosamine (NAG) : Improves radiance and skin texture • 5 types of Hyaluronic Acids + Panthenol & Tocopherol : Provides deep hydration • 5 types of Ceramides + Cholesterol & Fatty Acids : Strengthens the skin's moisture barrier • Vitamin B12 & Allantoin : Calms and soothes sensitive skin",
Deep Wrinkle Care Boost,54.00,"https://cdn.shopify.com/s/files/1/0513/3775/6828/files/Peptide_retinol_0.webp?v=1765433392,https://cdn.shopify.com/s/files/1/0513/3775/6828/files/TheRetinol03Cream_01.webp?v=1765433392,https://cdn.shopify.com/s/files/1/0513/3775/6828/files/TheRetinol03Cream_02.webp?v=1765433392,https://cdn.shopify.com/s/files/1/0513/3775/6828/files/TheRetinol03Cream_03.webp?v=1765433392,https://cdn.shopify.com/s/files/1/0513/3775/6828/files/TheRetinol03Cream_04__1.webp?v=1765433392,https://cdn.shopify.com/s/files/1/0513/3775/6828/files/TheRetinol03Cream_05.webp?v=1765433392,https://cdn.shopify.com/s/files/1/0513/3775/6828/files/TheRetinol03Cream_06.webp?v=1765433392,https://cdn.shopify.com/s/files/1/0513/3775/6828/files/TheRetinol03Cream_07.webp?v=1765433392,https://cdn.shopify.com/s/files/1/0513/3775/6828/files/TheRetinol03Cream_08.webp?v=1765433392,https://cdn.shopify.com/s/files/1/0513/3775/6828/files/TheRetinol03Cream_09.webp?v=1765433392,https://cdn.shopify.com/s/files/1/0513/3775/6828/files/TheRetinol03Cream_10__1.webp?v=1765433392,https://cdn.shopify.com/s/files/1/0513/3775/6828/files/TheRetinol03Cream_11.webp?v=1765433392,https://cdn.shopify.com/s/files/1/0513/3775/6828/files/TheRetinol03Cream_12.webp?v=1765433392,https://cdn.shopify.com/s/files/1/0513/3775/6828/files/TheRetinol03Cream_13.webp?v=1765433392,https://cdn.shopify.com/s/files/1/0513/3775/6828/files/TheRetinol03Cream_14.webp?v=1765433392,https://cdn.shopify.com/s/files/1/0513/3775/6828/files/TheRetinol03Cream_15.webp?v=1765433392,https://cdn.shopify.com/s/files/1/0513/3775/6828/files/TheRetinol03Cream_16.webp?v=1765433392,https://cdn.shopify.com/s/files/1/0513/3775/6828/files/TheRetinol03Cream_17.webp?v=1765433392",• Pure retinol (Vitamin A) : Decreases wrinkles and fine lines * Learn more about Retinol → • Tocotrienol (Super Vitamin E) : Reduces visible signs of aging and skin damage • Panthenol : Improves skin's hydration and elasticity • Adenosine : Skin cell activation. Improves elasticity and wrinkles,
Deep Wrinkle Care Trio,82.00,"https://cdn.shopify.com/s/files/1/0513/3775/6828/files/5_Wrinkle_Care.jpg?v=1716971747,https://cdn.shopify.com/s/files/1/0513/3775/6828/files/BFCM5_800x1067_01fc5948-8a8d-46aa-b340-942717d6636e.jpg?v=1724837182",,
Double Peptide Firming Duo,52.00,https://cdn.shopify.com/s/files/1/0513/3775/6828/files/BluePeptideSerum_peptideSerum.jpg?v=1782717064,,
Full Fit Propolis Honey Overnight Mask,18.00,"https://cdn.shopify.com/s/files/1/0513/3775/6828/files/full-fit-propolis-honey-overnight-mask-cosrx-official-1.jpg?v=1724835974,https://cdn.shopify.com/s/files/1/0513/3775/6828/files/full-fit-propolis-honey-overnight-mask-cosrx-official-2.jpg?v=1724835976,https://cdn.shopify.com/s/files/1/0513/3775/6828/files/full-fit-propolis-honey-overnight-mask-cosrx-official-3.jpg?v=1724835978,https://cdn.shopify.com/s/files/1/0513/3775/6828/files/full-fit-propolis-honey-overnight-mask-cosrx-official-4.jpg?v=1724835980,https://cdn.shopify.com/s/files/1/0513/3775/6828/files/full-fit-propolis-honey-overnight-mask-cosrx-official-5.jpg?v=1724835983,https://cdn.shopify.com/s/files/1/0513/3775/6828/files/full-fit-propolis-honey-overnight-mask-cosrx-official-6.jpg?v=1724835985,https://cdn.shopify.com/s/files/1/0513/3775/6828/files/full-fit-propolis-honey-overnight-mask-cosrx-official-7.jpg?v=1724835987,https://cdn.shopify.com/s/files/1/0513/3775/6828/files/full-fit-propolis-honey-overnight-mask-cosrx-official-8.jpg?v=1724835989,https://cdn.shopify.com/s/files/1/0513/3775/6828/files/full-fit-propolis-honey-overnight-mask-cosrx-official-9.jpg?v=1724835991,https://cdn.shopify.com/s/files/1/0513/3775/6828/files/full-fit-propolis-honey-overnight-mask-cosrx-official-10.jpg?v=1724835992,https://cdn.shopify.com/s/files/1/0513/3775/6828/files/full-fit-propolis-honey-overnight-mask-cosrx-official-11.jpg?v=1724835995,https://cdn.shopify.com/s/files/1/0513/3775/6828/files/full-fit-propolis-honey-overnight-mask-cosrx-official-12.jpg?v=1724835998,https://cdn.shopify.com/s/files/1/0513/3775/6828/files/full-fit-propolis-honey-overnight-mask-cosrx-official-13.jpg?v=1724836000,https://cdn.shopify.com/s/files/1/0513/3775/6828/files/full-fit-propolis-honey-overnight-mask-cosrx-official-14.jpg?v=1724836002,https://cdn.shopify.com/s/files/1/0513/3775/6828/files/full-fit-propolis-honey-overnight-mask-cosrx-official-15.jpg?v=1724836005,https://cdn.shopify.com/s/files/1/0513/3775/6828/files/full-fit-propolis-honey-overnight-mask-cosrx-official-16.jpg?v=1724836007,https://cdn.shopify.com/s/files/1/0513/3775/6828/files/full-fit-propolis-honey-overnight-mask-cosrx-official-17.jpg?v=1724836009","• 70% Full Fit Pro-Barrier Complex : Provide deep hydration and a healty glow to the skin (59.9% propolis extract, 5.35% honey extract(honey extract + honey acid) and 4.75% royal jelly extract)",
Full fit Propolis Light Ampoule,28.00,"https://cdn.shopify.com/s/files/1/0513/3775/6828/files/full-fit-propolis-light-ampoule-cosrx-official-1.jpg?v=1724835475,https://cdn.shopify.com/s/files/1/0513/3775/6828/files/full-fit-propolis-light-ampoule-cosrx-official-2.jpg?v=1724835478,https://cdn.shopify.com/s/files/1/0513/3775/6828/files/full-fit-propolis-light-ampoule-cosrx-official-3.jpg?v=1724835480,https://cdn.shopify.com/s/files/1/0513/3775/6828/files/full-fit-propolis-light-ampoule-cosrx-official-4.jpg?v=1724835483,https://cdn.shopify.com/s/files/1/0513/3775/6828/files/full-fit-propolis-light-ampoule-cosrx-official-5.jpg?v=1724835485,https://cdn.shopify.com/s/files/1/0513/3775/6828/files/full-fit-propolis-light-ampoule-cosrx-official-6.jpg?v=1724835487,https://cdn.shopify.com/s/files/1/0513/3775/6828/files/full-fit-propolis-light-ampoule-cosrx-official-7.jpg?v=1724835489,https://cdn.shopify.com/s/files/1/0513/3775/6828/files/full-fit-propolis-light-ampoule-cosrx-official-8.jpg?v=1724835491,https://cdn.shopify.com/s/files/1/0513/3775/6828/files/full-fit-propolis-light-ampoule-cosrx-official-9.jpg?v=1724835493,https://cdn.shopify.com/s/files/1/0513/3775/6828/files/full-fit-propolis-light-ampoule-cosrx-official-10.jpg?v=1724835496,https://cdn.shopify.com/s/files/1/0513/3775/6828/files/full-fit-propolis-light-ampoule-cosrx-official-11.jpg?v=1724835498,https://cdn.shopify.com/s/files/1/0513/3775/6828/files/full-fit-propolis-light-ampoule-cosrx-official-12.jpg?v=1724835500",• 83.3% Propolis Extract : Make your skin glowy and smooth without stickiness,1.01 fl.oz/30ml
Full Fit Propolis Light Cream,32.00,"https://cdn.shopify.com/s/files/1/0513/3775/6828/files/FullfitCream_2type_800x1067_245c55aa-861b-4c7d-b3b9-98bf84de4415.jpg?v=1745370401,https://cdn.shopify.com/s/files/1/0513/3775/6828/files/full-fit-propolis-light-cream-cosrx-official-2.jpg?v=1745370401,https://cdn.shopify.com/s/files/1/0513/3775/6828/files/full-fit-propolis-light-cream-cosrx-official-3.jpg?v=1745370401,https://cdn.shopify.com/s/files/1/0513/3775/6828/files/full-fit-propolis-light-cream-cosrx-official-4.jpg?v=1745370401,https://cdn.shopify.com/s/files/1/0513/3775/6828/files/full-fit-propolis-light-cream-cosrx-official-5.jpg?v=1745370401,https://cdn.shopify.com/s/files/1/0513/3775/6828/files/full-fit-propolis-light-cream-cosrx-official-6.jpg?v=1745370401,https://cdn.shopify.com/s/files/1/0513/3775/6828/files/full-fit-propolis-light-cream-cosrx-official-7.jpg?v=1745370401,https://cdn.shopify.com/s/files/1/0513/3775/6828/files/full-fit-propolis-light-cream-cosrx-official-8.jpg?v=1745370401,https://cdn.shopify.com/s/files/1/0513/3775/6828/files/full-fit-propolis-light-cream-cosrx-official-9.jpg?v=1745370401,https://cdn.shopify.com/s/files/1/0513/3775/6828/files/full-fit-propolis-light-cream-cosrx-official-10.jpg?v=1745370401,https://cdn.shopify.com/s/files/1/0513/3775/6828/files/full-fit-propolis-light-cream-cosrx-official-1.jpg?v=1745370401,https://cdn.shopify.com/s/files/1/0513/3775/6828/files/FullfitCream_Tube_800x1067_3fabfe0b-ee27-4afa-ba89-73b1cb05c6dc.jpg?v=1745370401","• 64% Propolis Extract + 1% Honey Extract + 1% Royal Jelly Extract : Deliver nourishment and antioxidants for soft, supply skin texture and moisture deep into your skin",
Full Fit Propolis Nourishing Magnet Sheet Mask,6.00,"https://cdn.shopify.com/s/files/1/0513/3775/6828/files/full-fit-propolis-nourishing-magnet-sheet-mask-cosrx-official-1.jpg?v=1724836038,https://cdn.shopify.com/s/files/1/0513/3775/6828/files/full-fit-propolis-nourishing-magnet-sheet-mask-cosrx-official-2.jpg?v=1724836040,https://cdn.shopify.com/s/files/1/0513/3775/6828/files/full-fit-propolis-nourishing-magnet-sheet-mask-cosrx-official-3.jpg?v=1724836042,https://cdn.shopify.com/s/files/1/0513/3775/6828/files/full-fit-propolis-nourishing-magnet-sheet-mask-cosrx-official-4.jpg?v=1724836044,https://cdn.shopify.com/s/files/1/0513/3775/6828/files/full-fit-propolis-nourishing-magnet-sheet-mask-cosrx-official-5.jpg?v=1724836047,https://cdn.shopify.com/s/files/1/0513/3775/6828/files/full-fit-propolis-nourishing-magnet-sheet-mask-cosrx-official-6.jpg?v=1724836049,https://cdn.shopify.com/s/files/1/0513/3775/6828/files/full-fit-propolis-nourishing-magnet-sheet-mask-cosrx-official-7.jpg?v=1724836051,https://cdn.shopify.com/s/files/1/0513/3775/6828/files/full-fit-propolis-nourishing-magnet-sheet-mask-cosrx-official-8.jpg?v=1724836053,https://cdn.shopify.com/s/files/1/0513/3775/6828/files/full-fit-propolis-nourishing-magnet-sheet-mask-cosrx-official-9.jpg?v=1724836056","• 1,000 ppm each of the 3 honey-derived ingredients : propolis extract, honey extract, and royal Jelly extract",
Full Fit Propolis Synergy Toner,29.00,"https://cdn.shopify.com/s/files/1/0513/3775/6828/files/full-fit-propolis-synergy-toner-cosrx-official-1.jpg?v=1724835425,https://cdn.shopify.com/s/files/1/0513/3775/6828/files/full-fit-propolis-synergy-toner-cosrx-official-2.jpg?v=1724835428,https://cdn.shopify.com/s/files/1/0513/3775/6828/files/full-fit-propolis-synergy-toner-cosrx-official-3.jpg?v=1724835430,https://cdn.shopify.com/s/files/1/0513/3775/6828/files/full-fit-propolis-synergy-toner-cosrx-official-4.jpg?v=1724835431,https://cdn.shopify.com/s/files/1/0513/3775/6828/files/full-fit-propolis-synergy-toner-cosrx-official-5.jpg?v=1724835434,https://cdn.shopify.com/s/files/1/0513/3775/6828/files/full-fit-propolis-synergy-toner-cosrx-official-6.jpg?v=1724835436,https://cdn.shopify.com/s/files/1/0513/3775/6828/files/full-fit-propolis-synergy-toner-cosrx-official-7.jpg?v=1724835438,https://cdn.shopify.com/s/files/1/0513/3775/6828/files/full-fit-propolis-synergy-toner-cosrx-official-8.jpg?v=1724835440,https://cdn.shopify.com/s/files/1/0513/3775/6828/files/full-fit-propolis-synergy-toner-cosrx-official-10.jpg?v=1724835445,https://cdn.shopify.com/s/files/1/0513/3775/6828/files/full-fit-propolis-synergy-toner-cosrx-official-11.jpg?v=1724835447,https://cdn.shopify.com/s/files/1/0513/3775/6828/files/full-fit-propolis-synergy-toner-cosrx-official-14.jpg?v=1724835453",• 72.6% Propolis Extract : Nourish tired skin leaving it healthy and plump • 10.7% Honey Extract : Charge the skin with revitaizing energy • 0.2% Panthenol,"9.46 fl.oz / 280ml,5.07 fl.oz / 150mL"
Galactomyces 95 Tone Balancing Essence,24.00,"https://cdn.shopify.com/s/files/1/0513/3775/6828/files/galactomyces-95-tone-balancing-essence-cosrx-official-1.jpg?v=1724835413,https://cdn.shopify.com/s/files/1/0513/3775/6828/files/galactomyces-95-tone-balancing-essence-cosrx-official-2.png?v=1724835416,https://cdn.shopify.com/s/files/1/0513/3775/6828/files/galactomyces-95-tone-balancing-essence-cosrx-official-3.png?v=1724835418,https://cdn.shopify.com/s/files/1/0513/3775/6828/files/galactomyces-95-tone-balancing-essence-cosrx-official-4.png?v=1724835421,https://cdn.shopify.com/s/files/1/0513/3775/6828/files/galactomyces-95-tone-balancing-essence-cosrx-official-5.png?v=1724835423",•Galactomyces ferment filtate : Helps brightening tired and dull looking skin • Hyaluronic acid and panthenol : Maintain the skin hydrated and smooth,
Hyaluronic Acid Hydra Power Essence,25.00,"https://cdn.shopify.com/s/files/1/0513/3775/6828/files/hyaluronic-acid-hydra-power-essence-cosrx-official-1.jpg?v=1724835383,https://cdn.shopify.com/s/files/1/0513/3775/6828/files/hyaluronic-acid-hydra-power-essence-cosrx-official-2.jpg?v=1724835385,https://cdn.shopify.com/s/files/1/0513/3775/6828/files/hyaluronic-acid-hydra-power-essence-cosrx-official-3.jpg?v=1724835388,https://cdn.shopify.com/s/files/1/0513/3775/6828/files/hyaluronic-acid-hydra-power-essence-cosrx-official-4.jpg?v=1724835390,https://cdn.shopify.com/s/files/1/0513/3775/6828/files/hyaluronic-acid-hydra-power-essence-cosrx-official-5.jpg?v=1724835392,https://cdn.shopify.com/s/files/1/0513/3775/6828/files/800x1067____231120_9c18dd40-19ac-413d-a55f-d90299ee61fc.webp?v=1704429290",,
Hyaluronic Acid Intensive Cream,25.00,"https://cdn.shopify.com/s/files/1/0513/3775/6828/files/hyaluronic-acid-intensive-cream-cosrx-official-1.jpg?v=1724835365,https://cdn.shopify.com/s/files/1/0513/3775/6828/files/hyaluronic-acid-intensive-cream-cosrx-official-2.jpg?v=1724835367,https://cdn.shopify.com/s/files/1/0513/3775/6828/files/hyaluronic-acid-intensive-cream-cosrx-official-3.jpg?v=1724835370,https://cdn.shopify.com/s/files/1/0513/3775/6828/files/hyaluronic-acid-intensive-cream-cosrx-official-4.jpg?v=1724835372,https://cdn.shopify.com/s/files/1/0513/3775/6828/files/hyaluronic-acid-intensive-cream-cosrx-official-5.jpg?v=1724835375,https://cdn.shopify.com/s/files/1/0513/3775/6828/files/hyaluronic-acid-intensive-cream-cosrx-official-6.jpg?v=1724835377,https://cdn.shopify.com/s/files/1/0513/3775/6828/files/hyaluronic-acid-intensive-cream-cosrx-official-7.jpg?v=1724835379,https://cdn.shopify.com/s/files/1/0513/3775/6828/files/800x1067____231120_c6fd833e-1e63-446f-81bb-ca35af5f8f47.webp?v=1704429290","• 57.8% Hippophae Rhamnoides Water : Nourishing moisturizer & Vitality • 3,000ppm Sodium hyaluronate(hyaluronic acid) : Helps reduce the appearance of fine wrinkles by filling in the skin",
Hydrium Centella Aqua Soothing Ampoule,26.00,"https://cdn.shopify.com/s/files/1/0513/3775/6828/files/hydrium-centella-aqua-soothing-ampoule-cosrx-official-1.jpg?v=1689840666,https://cdn.shopify.com/s/files/1/0513/3775/6828/files/hydrium-centella-aqua-soothing-ampoule-cosrx-official-2.jpg?v=1689840668,https://cdn.shopify.com/s/files/1/0513/3775/6828/files/hydrium-centella-aqua-soothing-ampoule-cosrx-official-3.jpg?v=1689840670,https://cdn.shopify.com/s/files/1/0513/3775/6828/files/hydrium-centella-aqua-soothing-ampoule-cosrx-official-4.gif?v=1685603285,https://cdn.shopify.com/s/files/1/0513/3775/6828/files/hydrium-centella-aqua-soothing-ampoule-cosrx-official-5.jpg?v=1724835305,https://cdn.shopify.com/s/files/1/0513/3775/6828/files/hydrium-centella-aqua-soothing-ampoule-cosrx-official-6.jpg?v=1724835307,https://cdn.shopify.com/s/files/1/0513/3775/6828/files/hydrium-centella-aqua-soothing-ampoule-cosrx-official-7.jpg?v=1724835309,https://cdn.shopify.com/s/files/1/0513/3775/6828/files/hydrium-centella-aqua-soothing-ampoule-cosrx-official-8.jpg?v=1724835311,https://cdn.shopify.com/s/files/1/0513/3775/6828/files/hydrium-centella-aqua-soothing-ampoule-cosrx-official-9.jpg?v=1724835313,https://cdn.shopify.com/s/files/1/0513/3775/6828/files/hydrium-centella-aqua-soothing-ampoule-cosrx-official-10.jpg?v=1724835315,https://cdn.shopify.com/s/files/1/0513/3775/6828/files/hydrium-centella-aqua-soothing-ampoule-cosrx-official-11.jpg?v=1724835318,https://cdn.shopify.com/s/files/1/0513/3775/6828/files/hydrium-centella-aqua-soothing-ampoule-cosrx-official-12.jpg?v=1724835320",,1.35 fl.oz / 40mL
Hydrium Green Tea Aqua Soothing Gel Cream,25.00,"https://cdn.shopify.com/s/files/1/0513/3775/6828/files/hydrium-green-tea-aqua-soothing-gel-cream-cosrx-official-1.jpg?v=1724835322,https://cdn.shopify.com/s/files/1/0513/3775/6828/files/hydrium-green-tea-aqua-soothing-gel-cream-cosrx-official-2.jpg?v=1724835324,https://cdn.shopify.com/s/files/1/0513/3775/6828/files/hydrium-green-tea-aqua-soothing-gel-cream-cosrx-official-3.jpg?v=1724835326,https://cdn.shopify.com/s/files/1/0513/3775/6828/files/hydrium-green-tea-aqua-soothing-gel-cream-cosrx-official-4.jpg?v=1724835328,https://cdn.shopify.com/s/files/1/0513/3775/6828/files/hydrium-green-tea-aqua-soothing-gel-cream-cosrx-official-5.jpg?v=1724835330,https://cdn.shopify.com/s/files/1/0513/3775/6828/files/hydrium-green-tea-aqua-soothing-gel-cream-cosrx-official-6.jpg?v=1724835333,https://cdn.shopify.com/s/files/1/0513/3775/6828/files/hydrium-green-tea-aqua-soothing-gel-cream-cosrx-official-7.jpg?v=1724835335,https://cdn.shopify.com/s/files/1/0513/3775/6828/files/hydrium-green-tea-aqua-soothing-gel-cream-cosrx-official-8.jpg?v=1724835337,https://cdn.shopify.com/s/files/1/0513/3775/6828/files/hydrium-green-tea-aqua-soothing-gel-cream-cosrx-official-9.jpg?v=1724835340,https://cdn.shopify.com/s/files/1/0513/3775/6828/files/hydrium-green-tea-aqua-soothing-gel-cream-cosrx-official-10.jpg?v=1724835341","• D-panthenol 5,000ppm : Moisturizing, regenerating, and anti-inflammatory • Green Tea Extract : Cooling relief to soothe redness, blemishes, and sun burns • Allantoin : Smooths, Regeneration",1.69 fl.oz / 50ml
Hydrium Moisture Power Enriched Cream,25.00,"https://cdn.shopify.com/s/files/1/0513/3775/6828/files/hydrium-moisture-power-enriched-cream-cosrx-official-1.jpg?v=1689840658,https://cdn.shopify.com/s/files/1/0513/3775/6828/files/hydrium-moisture-power-enriched-cream-cosrx-official-2.jpg?v=1689840659,https://cdn.shopify.com/s/files/1/0513/3775/6828/files/hydrium-moisture-power-enriched-cream-cosrx-official-3.jpg?v=1724835146,https://cdn.shopify.com/s/files/1/0513/3775/6828/files/hydrium-moisture-power-enriched-cream-cosrx-official-4.gif?v=1685603226,https://cdn.shopify.com/s/files/1/0513/3775/6828/files/hydrium-moisture-power-enriched-cream-cosrx-official-5.jpg?v=1724835149,https://cdn.shopify.com/s/files/1/0513/3775/6828/files/hydrium-moisture-power-enriched-cream-cosrx-official-6.jpg?v=1724835151,https://cdn.shopify.com/s/files/1/0513/3775/6828/files/hydrium-moisture-power-enriched-cream-cosrx-official-7.jpg?v=1724835153,https://cdn.shopify.com/s/files/1/0513/3775/6828/files/hydrium-moisture-power-enriched-cream-cosrx-official-8.jpg?v=1724835156,https://cdn.shopify.com/s/files/1/0513/3775/6828/files/hydrium-moisture-power-enriched-cream-cosrx-official-9.jpg?v=1724835158,https://cdn.shopify.com/s/files/1/0513/3775/6828/files/hydrium-moisture-power-enriched-cream-cosrx-official-10.jpg?v=1724835160",• D-Panthenol : Form a moisture shield and prevents the skin from moisture loss • Propolis Extract : Keep your skin's moisture and oil balance • Ceramide : Protect the skin from external harmful substances,1.69 fl.oz / 50ml
Hydrium Triple Hyaluronic Moisture Ampoule,26.00,"https://cdn.shopify.com/s/files/1/0513/3775/6828/files/hydrium-triple-hyaluronic-moisture-ampoule-cosrx-official-1.jpg?v=1724835343,https://cdn.shopify.com/s/files/1/0513/3775/6828/files/hydrium-triple-hyaluronic-moisture-ampoule-cosrx-official-2.jpg?v=1689840675,https://cdn.shopify.com/s/files/1/0513/3775/6828/files/hydrium-triple-hyaluronic-moisture-ampoule-cosrx-official-3.jpg?v=1689840676,https://cdn.shopify.com/s/files/1/0513/3775/6828/files/hydrium-triple-hyaluronic-moisture-ampoule-cosrx-official-4.gif?v=1685603318,https://cdn.shopify.com/s/files/1/0513/3775/6828/files/hydrium-triple-hyaluronic-moisture-ampoule-cosrx-official-5.jpg?v=1724835350,https://cdn.shopify.com/s/files/1/0513/3775/6828/files/hydrium-triple-hyaluronic-moisture-ampoule-cosrx-official-6.jpg?v=1724835352,https://cdn.shopify.com/s/files/1/0513/3775/6828/files/hydrium-triple-hyaluronic-moisture-ampoule-cosrx-official-7.jpg?v=1724835354,https://cdn.shopify.com/s/files/1/0513/3775/6828/files/hydrium-triple-hyaluronic-moisture-ampoule-cosrx-official-8.jpg?v=1724835357,https://cdn.shopify.com/s/files/1/0513/3775/6828/files/hydrium-triple-hyaluronic-moisture-ampoule-cosrx-official-9.jpg?v=1724835359,https://cdn.shopify.com/s/files/1/0513/3775/6828/files/hydrium-triple-hyaluronic-moisture-ampoule-cosrx-official-10.jpg?v=1724835361,https://cdn.shopify.com/s/files/1/0513/3775/6828/files/hydrium-triple-hyaluronic-moisture-ampoule-cosrx-official-11.jpg?v=1724835363","• Triple Hyaluronic Acid : Creates an invisible protective barrier on the skin and keeps your skin moisturized • D-Panthenol (vitamin B5) : Moisturizes, soothes and heals",1.35 fl.oz / 40mL
Hydrium Triple Hyaluronic Moisturizing Cleanser,18.00,"https://cdn.shopify.com/s/files/1/0513/3775/6828/files/hydrium-triple-hyaluronic-moisturizing-cleanser-cosrx-official-1.jpg?v=1724836058,https://cdn.shopify.com/s/files/1/0513/3775/6828/files/hydrium-triple-hyaluronic-moisturizing-cleanser-cosrx-official-2.jpg?v=1724836060,https://cdn.shopify.com/s/files/1/0513/3775/6828/files/hydrium-triple-hyaluronic-moisturizing-cleanser-cosrx-official-3.jpg?v=1724836062,https://cdn.shopify.com/s/files/1/0513/3775/6828/files/hydrium-triple-hyaluronic-moisturizing-cleanser-cosrx-official-4.jpg?v=1724836064,https://cdn.shopify.com/s/files/1/0513/3775/6828/files/hydrium-triple-hyaluronic-moisturizing-cleanser-cosrx-official-5.jpg?v=1724836066,https://cdn.shopify.com/s/files/1/0513/3775/6828/files/hydrium-triple-hyaluronic-moisturizing-cleanser-cosrx-official-6.jpg?v=1724836069,https://cdn.shopify.com/s/files/1/0513/3775/6828/files/hydrium-triple-hyaluronic-moisturizing-cleanser-cosrx-official-7.jpg?v=1724836071,https://cdn.shopify.com/s/files/1/0513/3775/6828/files/hydrium-triple-hyaluronic-moisturizing-cleanser-cosrx-official-8.jpg?v=1724836073,https://cdn.shopify.com/s/files/1/0513/3775/6828/files/hydrium-triple-hyaluronic-moisturizing-cleanser-cosrx-official-9.jpg?v=1724836075,https://cdn.shopify.com/s/files/1/0513/3775/6828/files/hydrium-triple-hyaluronic-moisturizing-cleanser-cosrx-official-10.jpg?v=1724836077","• Triple hyaluronic acid : consists of Hyaluronic Acid, Hydrolyzed Hyaluronic Acid, Sodium Hyaluronate. increasing its elasticity, keeping it hydrated and soft • Panthenol : keeping moist",5.07 fl.oz / 150ml
Hydrium Triple Hyaluronic Water Wave Sheet Mask,6.00,"https://cdn.shopify.com/s/files/1/0513/3775/6828/files/hydrium-triple-hyaluronic-water-wave-sheet-mask-cosrx-official-1.jpg?v=1724836079,https://cdn.shopify.com/s/files/1/0513/3775/6828/files/hydrium-triple-hyaluronic-water-wave-sheet-mask-cosrx-official-2.jpg?v=1724836082,https://cdn.shopify.com/s/files/1/0513/3775/6828/files/hydrium-triple-hyaluronic-water-wave-sheet-mask-cosrx-official-3.jpg?v=1724836085,https://cdn.shopify.com/s/files/1/0513/3775/6828/files/hydrium-triple-hyaluronic-water-wave-sheet-mask-cosrx-official-4.jpg?v=1724836088,https://cdn.shopify.com/s/files/1/0513/3775/6828/files/hydrium-triple-hyaluronic-water-wave-sheet-mask-cosrx-official-5.jpg?v=1724836090,https://cdn.shopify.com/s/files/1/0513/3775/6828/files/hydrium-triple-hyaluronic-water-wave-sheet-mask-cosrx-official-6.jpg?v=1724836092,https://cdn.shopify.com/s/files/1/0513/3775/6828/files/hydrium-triple-hyaluronic-water-wave-sheet-mask-cosrx-official-7.jpg?v=1724836094","• Triple hyaluronic acid, Panthenol : Keep moist",
Hydrium Watery Toner,29.00,"https://cdn.shopify.com/s/files/1/0513/3775/6828/files/hydrium-watery-toner-cosrx-official-1.jpg?v=1724836011,https://cdn.shopify.com/s/files/1/0513/3775/6828/files/hydrium-watery-toner-cosrx-official-2.jpg?v=1724836014,https://cdn.shopify.com/s/files/1/0513/3775/6828/files/hydrium-watery-toner-cosrx-official-3.jpg?v=1724836016,https://cdn.shopify.com/s/files/1/0513/3775/6828/files/hydrium-watery-toner-cosrx-official-4.jpg?v=1724836018,https://cdn.shopify.com/s/files/1/0513/3775/6828/files/hydrium-watery-toner-cosrx-official-5.jpg?v=1724836021,https://cdn.shopify.com/s/files/1/0513/3775/6828/files/hydrium-watery-toner-cosrx-official-6.jpg?v=1724836023,https://cdn.shopify.com/s/files/1/0513/3775/6828/files/hydrium-watery-toner-cosrx-official-7.jpg?v=1724836025,https://cdn.shopify.com/s/files/1/0513/3775/6828/files/hydrium-watery-toner-cosrx-official-8.jpg?v=1724836028,https://cdn.shopify.com/s/files/1/0513/3775/6828/files/hydrium-watery-toner-cosrx-official-9.jpg?v=1724836029,https://cdn.shopify.com/s/files/1/0513/3775/6828/files/hydrium-watery-toner-cosrx-official-12.jpg?v=1724836031,https://cdn.shopify.com/s/files/1/0513/3775/6828/files/waterytoner50_01.jpg?v=1704429317","• 100ppm of 6-type hyaluronic acids : prevent moisture loss in the skin, making it more hydrated • 0.1% D-panthenol : moisturizing, regenerating effect • 0.1% Allantoin : soothing sensitive skin","9.46 fl.oz / 280ml,5.07 fl.oz / 150ml,1.69 fl.oz / 50ml"
Lip Plump - Refresh AHA BHA Vitamin C Lip Plumper,19.00,"https://cdn.shopify.com/s/files/1/0513/3775/6828/files/lip-plump-refresh-aha-bha-vitamin-c-lip-plumper-cosrx-official-1.jpg?v=1724836331,https://cdn.shopify.com/s/files/1/0513/3775/6828/files/lip-plump-refresh-aha-bha-vitamin-c-lip-plumper-cosrx-official-2.jpg?v=1724836333,https://cdn.shopify.com/s/files/1/0513/3775/6828/files/lip-plump-refresh-aha-bha-vitamin-c-lip-plumper-cosrx-official-3.jpg?v=1724836335,https://cdn.shopify.com/s/files/1/0513/3775/6828/files/lip-plump-refresh-aha-bha-vitamin-c-lip-plumper-cosrx-official-4.jpg?v=1724836337,https://cdn.shopify.com/s/files/1/0513/3775/6828/files/lip-plump-refresh-aha-bha-vitamin-c-lip-plumper-cosrx-official-5.jpg?v=1724836339,https://cdn.shopify.com/s/files/1/0513/3775/6828/files/lip-plump-refresh-aha-bha-vitamin-c-lip-plumper-cosrx-official-6.jpg?v=1724836342",,
Lip Scrub - Full Fit Honey Sugar Lip Scrub,19.00,"https://cdn.shopify.com/s/files/1/0513/3775/6828/files/lip-scrub-full-fit-honey-sugar-lip-scrub-cosrx-official-1.jpg?v=1724836318,https://cdn.shopify.com/s/files/1/0513/3775/6828/files/lip-scrub-full-fit-honey-sugar-lip-scrub-cosrx-official-2.jpg?v=1724836321,https://cdn.shopify.com/s/files/1/0513/3775/6828/files/lip-scrub-full-fit-honey-sugar-lip-scrub-cosrx-official-3.jpg?v=1724836323,https://cdn.shopify.com/s/files/1/0513/3775/6828/files/lip-scrub-full-fit-honey-sugar-lip-scrub-cosrx-official-4.jpg?v=1724836325,https://cdn.shopify.com/s/files/1/0513/3775/6828/files/lip-scrub-full-fit-honey-sugar-lip-scrub-cosrx-official-5.jpg?v=1724836327,https://cdn.shopify.com/s/files/1/0513/3775/6828/files/lip-scrub-full-fit-honey-sugar-lip-scrub-cosrx-official-6.jpg?v=1724836329",,
Lip Sleep - Balancium Ceramide Lip Butter Sleeping Mask,19.00,"https://cdn.shopify.com/s/files/1/0513/3775/6828/files/lip-sleep-balancium-ceramide-lip-butter-sleeping-mask-cosrx-official-1.jpg?v=1724836282,https://cdn.shopify.com/s/files/1/0513/3775/6828/files/lip-sleep-balancium-ceramide-lip-butter-sleeping-mask-cosrx-official-2.jpg?v=1724836284,https://cdn.shopify.com/s/files/1/0513/3775/6828/files/lip-sleep-balancium-ceramide-lip-butter-sleeping-mask-cosrx-official-3.jpg?v=1724836286,https://cdn.shopify.com/s/files/1/0513/3775/6828/files/lip-sleep-balancium-ceramide-lip-butter-sleeping-mask-cosrx-official-4.jpg?v=1724836289,https://cdn.shopify.com/s/files/1/0513/3775/6828/files/lip-sleep-balancium-ceramide-lip-butter-sleeping-mask-cosrx-official-5.jpg?v=1724836291,https://cdn.shopify.com/s/files/1/0513/3775/6828/files/lip-sleep-balancium-ceramide-lip-butter-sleeping-mask-cosrx-official-6.jpg?v=1724836293,https://cdn.shopify.com/s/files/1/0513/3775/6828/files/lip-sleep-balancium-ceramide-lip-butter-sleeping-mask-cosrx-official-7.jpg?v=1724836295,https://cdn.shopify.com/s/files/1/0513/3775/6828/files/lip-sleep-balancium-ceramide-lip-butter-sleeping-mask-cosrx-official-8.jpg?v=1724836297",,
Low pH Good Morning Gel Cleanser,14.00,"https://cdn.shopify.com/s/files/1/0513/3775/6828/files/low-ph-good-morning-gel-cleanser-cosrx-official-1.jpg?v=1768785801,https://cdn.shopify.com/s/files/1/0513/3775/6828/files/LowpH_Gel_Cleanser_02__1.webp?v=1780987993,https://cdn.shopify.com/s/files/1/0513/3775/6828/files/LowpH_Gel_Cleanser_03.webp?v=1780904507,https://cdn.shopify.com/s/files/1/0513/3775/6828/files/LowpH_Gel_Cleanser_04.webp?v=1780904507,https://cdn.shopify.com/s/files/1/0513/3775/6828/files/LowpH_Gel_Cleanser_05.webp?v=1780904507,https://cdn.shopify.com/s/files/1/0513/3775/6828/files/LowpH_Gel_Cleanser_07.webp?v=1780904507,https://cdn.shopify.com/s/files/1/0513/3775/6828/files/LowpH_Gel_Cleanser_08.webp?v=1780904507,https://cdn.shopify.com/s/files/1/0513/3775/6828/files/low-ph-good-morning-gel-cleanser-cosrx-official-12.jpg?v=1768785801,https://cdn.shopify.com/s/files/1/0513/3775/6828/files/low-ph-good-morning-gel-cleanser-cosrx-official-11.jpg?v=1768785801",• Betaine Salicylate (BHA) & Tea Tree Oil  : Soothe and strengthen for luminous and clear skin • pH Balanced pH 5.31±1.00 : Optimize the balance of oil and water in the skin,"5.07 fl.oz / 150ml,1.69 fl.oz / 50ml"
Low pH Goodnight Soft Peeling Gel,16.00,"https://cdn.shopify.com/s/files/1/0513/3775/6828/files/low-ph-goodnight-soft-peeling-gel-cosrx-official-1.jpg?v=1724836210,https://cdn.shopify.com/s/files/1/0513/3775/6828/files/low-ph-goodnight-soft-peeling-gel-cosrx-official-2.jpg?v=1724836212,https://cdn.shopify.com/s/files/1/0513/3775/6828/files/low-ph-goodnight-soft-peeling-gel-cosrx-official-3.jpg?v=1724836214,https://cdn.shopify.com/s/files/1/0513/3775/6828/files/low-ph-goodnight-soft-peeling-gel-cosrx-official-4.jpg?v=1724836216,https://cdn.shopify.com/s/files/1/0513/3775/6828/files/low-ph-goodnight-soft-peeling-gel-cosrx-official-5.jpg?v=1724836218,https://cdn.shopify.com/s/files/1/0513/3775/6828/files/low-ph-goodnight-soft-peeling-gel-cosrx-official-6.jpg?v=1724836220,https://cdn.shopify.com/s/files/1/0513/3775/6828/files/low-ph-goodnight-soft-peeling-gel-cosrx-official-7.jpg?v=1724836223,https://cdn.shopify.com/s/files/1/0513/3775/6828/files/low-ph-goodnight-soft-peeling-gel-cosrx-official-8.jpg?v=1724836225,https://cdn.shopify.com/s/files/1/0513/3775/6828/files/low-ph-goodnight-soft-peeling-gel-cosrx-official-9.jpg?v=1724836227","• 8% Cellulose : Eliminates impurities softened by PHA • hyaluronic acid : Dissolves dead skin cells, hydrating exfoliation",4.05 fl.oz / 120mL
Low pH Niacinamide Micellar Cleansing Water,15.00,"https://cdn.shopify.com/s/files/1/0513/3775/6828/files/NA_800x1067_2.jpg?v=1748419838,https://cdn.shopify.com/s/files/1/0513/3775/6828/files/low-ph-niacinamide-micellar-cleansing-water-cosrx-official-2.jpg?v=1748419838,https://cdn.shopify.com/s/files/1/0513/3775/6828/files/low-ph-niacinamide-micellar-cleansing-water-cosrx-official-3.jpg?v=1748419838,https://cdn.shopify.com/s/files/1/0513/3775/6828/files/low-ph-niacinamide-micellar-cleansing-water-cosrx-official-4.jpg?v=1748419838,https://cdn.shopify.com/s/files/1/0513/3775/6828/files/low-ph-niacinamide-micellar-cleansing-water-cosrx-official-5.jpg?v=1748419838,https://cdn.shopify.com/s/files/1/0513/3775/6828/files/low-ph-niacinamide-micellar-cleansing-water-cosrx-official-6.jpg?v=1748419838,https://cdn.shopify.com/s/files/1/0513/3775/6828/files/low-ph-niacinamide-micellar-cleansing-water-cosrx-official-7.jpg?v=1748419838,https://cdn.shopify.com/s/files/1/0513/3775/6828/files/low-ph-niacinamide-micellar-cleansing-water-cosrx-official-8.jpg?v=1748419838,https://cdn.shopify.com/s/files/1/0513/3775/6828/files/NA_Cleansing_water_9_9f38ca90-3e1b-4de0-a1f1-413f7f72ef51.jpg?v=1748419838,https://cdn.shopify.com/s/files/1/0513/3775/6828/files/low-ph-niacinamide-micellar-cleansing-water-cosrx-official-9.jpg?v=1748419838,https://cdn.shopify.com/s/files/1/0513/3775/6828/products/NA_800x1067_4_a8e87d82-8149-495b-8dd8-c124a75cb617.jpg?v=1748419838,https://cdn.shopify.com/s/files/1/0513/3775/6828/products/NA_800x1067_5_5ed6da17-5053-42af-a849-bb11558ec993.jpg?v=1748419838,https://cdn.shopify.com/s/files/1/0513/3775/6828/files/LowpH_Cleansingwater_800x1067_01.jpg?v=1774506078,https://cdn.shopify.com/s/files/1/0513/3775/6828/files/LowpH_Cleansingwater_800x1067_02.jpg?v=1774506078","• Niacinamide, Zinc PCA : Reduces overproduction of sebum · oil control, pore care • Allantoin, Madecassoside : Soothes the skin • Hyaluronic Acid, Panthenol : Infuses hydration · strengthens the skin barrier",
Master Patch Basic [36ea],12.00,"https://cdn.shopify.com/s/files/1/0513/3775/6828/files/master-patch-basic-36ea-cosrx-official-1.jpg?v=1724836449,https://cdn.shopify.com/s/files/1/0513/3775/6828/files/master-patch-basic-36ea-cosrx-official-2.jpg?v=1724836451,https://cdn.shopify.com/s/files/1/0513/3775/6828/files/master-patch-basic-36ea-cosrx-official-3.jpg?v=1724836453,https://cdn.shopify.com/s/files/1/0513/3775/6828/files/master-patch-basic-36ea-cosrx-official-4.jpg?v=1724836455,https://cdn.shopify.com/s/files/1/0513/3775/6828/files/master-patch-basic-36ea-cosrx-official-5.jpg?v=1724836457,https://cdn.shopify.com/s/files/1/0513/3775/6828/files/master-patch-basic-36ea-cosrx-official-6.png?v=1724836460,https://cdn.shopify.com/s/files/1/0513/3775/6828/files/master-patch-basic-36ea-cosrx-official-7.png?v=1724836463",,36ea
Master Patch Basic [90ea],25.00,"https://cdn.shopify.com/s/files/1/0513/3775/6828/files/master-patch-basic-90ea-cosrx-official-1.jpg?v=1724836465,https://cdn.shopify.com/s/files/1/0513/3775/6828/files/master-patch-basic-90ea-cosrx-official-2.jpg?v=1724836467,https://cdn.shopify.com/s/files/1/0513/3775/6828/files/master-patch-basic-90ea-cosrx-official-3.jpg?v=1724836469,https://cdn.shopify.com/s/files/1/0513/3775/6828/files/master-patch-basic-90ea-cosrx-official-4.jpg?v=1724836471,https://cdn.shopify.com/s/files/1/0513/3775/6828/files/master-patch-basic-90ea-cosrx-official-5.jpg?v=1724836473,https://cdn.shopify.com/s/files/1/0513/3775/6828/files/master-patch-basic-90ea-cosrx-official-6.png?v=1724836476,https://cdn.shopify.com/s/files/1/0513/3775/6828/files/master-patch-basic-90ea-cosrx-official-7.png?v=1724836479",,
Master Patch Intensive [36ea],12.00,"https://cdn.shopify.com/s/files/1/0513/3775/6828/files/master-patch-intensive-36ea-cosrx-official-1.jpg?v=1724836510,https://cdn.shopify.com/s/files/1/0513/3775/6828/files/master-patch-intensive-36ea-cosrx-official-2.jpg?v=1724836512,https://cdn.shopify.com/s/files/1/0513/3775/6828/files/master-patch-intensive-36ea-cosrx-official-3.jpg?v=1724836514,https://cdn.shopify.com/s/files/1/0513/3775/6828/files/master-patch-intensive-36ea-cosrx-official-4.jpg?v=1724836517,https://cdn.shopify.com/s/files/1/0513/3775/6828/files/master-patch-intensive-36ea-cosrx-official-5.jpg?v=1724836519,https://cdn.shopify.com/s/files/1/0513/3775/6828/files/master-patch-intensive-36ea-cosrx-official-6.png?v=1724836522,https://cdn.shopify.com/s/files/1/0513/3775/6828/files/master-patch-intensive-36ea-cosrx-official-7.png?v=1724836525","• Hydrocolloid : Wound protection, exudate absorption • 0.02% Salicylic acid • 0.02% Tea tree leaf Oil",36ea
Master Patch Intensive [90ea],25.00,"https://cdn.shopify.com/s/files/1/0513/3775/6828/files/master-patch-intensive-90ea-cosrx-official-1.jpg?v=1724836494,https://cdn.shopify.com/s/files/1/0513/3775/6828/files/master-patch-intensive-90ea-cosrx-official-2.jpg?v=1724836496,https://cdn.shopify.com/s/files/1/0513/3775/6828/files/master-patch-intensive-90ea-cosrx-official-3.jpg?v=1724836498,https://cdn.shopify.com/s/files/1/0513/3775/6828/files/master-patch-intensive-90ea-cosrx-official-4.jpg?v=1724836500,https://cdn.shopify.com/s/files/1/0513/3775/6828/files/master-patch-intensive-90ea-cosrx-official-5.jpg?v=1724836502,https://cdn.shopify.com/s/files/1/0513/3775/6828/files/master-patch-intensive-90ea-cosrx-official-6.png?v=1724836505,https://cdn.shopify.com/s/files/1/0513/3775/6828/files/master-patch-intensive-90ea-cosrx-official-7.png?v=1724836508","• Hydrocolloid : Wound protection, exudate absorption • 0.02% Salicylic acid • 0.02% Tea tree leaf Oil",
Master Patch X-Large,18.00,"https://cdn.shopify.com/s/files/1/0513/3775/6828/files/master-patch-x-large-cosrx-official-1.jpg?v=1724836481,https://cdn.shopify.com/s/files/1/0513/3775/6828/files/master-patch-x-large-cosrx-official-2.jpg?v=1724836483,https://cdn.shopify.com/s/files/1/0513/3775/6828/files/master-patch-x-large-cosrx-official-3.jpg?v=1724836485,https://cdn.shopify.com/s/files/1/0513/3775/6828/files/master-patch-x-large-cosrx-official-4.jpg?v=1724836487,https://cdn.shopify.com/s/files/1/0513/3775/6828/files/master-patch-x-large-cosrx-official-5.jpg?v=1724836489,https://cdn.shopify.com/s/files/1/0513/3775/6828/files/master-patch-x-large-cosrx-official-6.png?v=1724836492",,1 Pack
Mini Hair Bonding Wooden Brush,5.00,https://cdn.shopify.com/s/files/1/0513/3775/6828/files/2_800x1067_03498cb4-809b-4da6-88ef-358fa3729433.jpg?v=1786092197,,
Oil-Free Ultra-Moisturizing Lotion with Birch Sap,25.00,"https://cdn.shopify.com/s/files/1/0513/3775/6828/files/oil-free-ultra-moisturizing-lotion-with-birch-sap-cosrx-official-1.png?v=1724836818,https://cdn.shopify.com/s/files/1/0513/3775/6828/files/oil-free-ultra-moisturizing-lotion-with-birch-sap-cosrx-official-2.jpg?v=1724836820,https://cdn.shopify.com/s/files/1/0513/3775/6828/files/oil-free-ultra-moisturizing-lotion-with-birch-sap-cosrx-official-3.jpg?v=1724836822,https://cdn.shopify.com/s/files/1/0513/3775/6828/files/oil-free-ultra-moisturizing-lotion-with-birch-sap-cosrx-official-4.jpg?v=1724836824,https://cdn.shopify.com/s/files/1/0513/3775/6828/files/oil-free-ultra-moisturizing-lotion-with-birch-sap-cosrx-official-5.jpg?v=1724836826,https://cdn.shopify.com/s/files/1/0513/3775/6828/files/oil-free-ultra-moisturizing-lotion-with-birch-sap-cosrx-official-6.jpg?v=1724836828,https://cdn.shopify.com/s/files/1/0513/3775/6828/files/oil-free-ultra-moisturizing-lotion-with-birch-sap-cosrx-official-7.jpg?v=1724836830,https://cdn.shopify.com/s/files/1/0513/3775/6828/files/oil-free-ultra-moisturizing-lotion-with-birch-sap-cosrx-official-8.jpg?v=1724836832","• 70% Betula Platyphylla Japonica Juice : prevents moisture loss in the skin, making it more hydrated and can be used by any skin type",
One Step Moisture Up Pad,22.00,"https://cdn.shopify.com/s/files/1/0513/3775/6828/files/Moisture_Pad_0.jpg?v=1710475791,https://cdn.shopify.com/s/files/1/0513/3775/6828/files/Moisture_Pad_1.jpg?v=1710475793,https://cdn.shopify.com/s/files/1/0513/3775/6828/files/Moisture_Pad_2.jpg?v=1724836770,https://cdn.shopify.com/s/files/1/0513/3775/6828/files/Moisture_Pad_3.jpg?v=1710475797,https://cdn.shopify.com/s/files/1/0513/3775/6828/files/Moisture_Pad_4.jpg?v=1710475800,https://cdn.shopify.com/s/files/1/0513/3775/6828/files/Moisture_Pad_5.jpg?v=1710475802,https://cdn.shopify.com/s/files/1/0513/3775/6828/files/Moisture_Pad_6.jpg?v=1710475804,https://cdn.shopify.com/s/files/1/0513/3775/6828/files/Moisture_Pad_7.jpg?v=1710475806,https://cdn.shopify.com/s/files/1/0513/3775/6828/files/Moisture_Pad_8.jpg?v=1724836783,https://cdn.shopify.com/s/files/1/0513/3775/6828/files/Moisture_Pad_9.jpg?v=1710475809,https://cdn.shopify.com/s/files/1/0513/3775/6828/files/Moisture_Pad_10.jpg?v=1710475812,https://cdn.shopify.com/s/files/1/0513/3775/6828/files/Moisture_Pad_11.jpg?v=1710475814","• 84.9% Alaska Glacier Water : Nourish, Cool & Hydrate • 0.5% BHA (Betaine Salicylate) : Smoothe skin texture, control sebum production • Squalane, 6-layered hyaluronic acid, Panthenol : Moist up Formula, build skin barrier",
One Step Original Blemish Pore Clear Pad,26.00,"https://cdn.shopify.com/s/files/1/0513/3775/6828/files/Thumb_Onestep_Original_Pad_Gift_800x1067_d717526a-40f8-4bef-8c8a-35b740c8b356.jpg?v=1787038499,https://cdn.shopify.com/s/files/1/0513/3775/6828/files/OneStep_Blemish_Pad_00.jpg?v=1774854088,https://cdn.shopify.com/s/files/1/0513/3775/6828/files/OneStep_Blemish_Pad_03.jpg?v=1774854088,https://cdn.shopify.com/s/files/1/0513/3775/6828/files/OneStep_Blemish_Pad_04.jpg?v=1774854088,https://cdn.shopify.com/s/files/1/0513/3775/6828/files/OneStep_Blemish_Pad_05.jpg?v=1774854088,https://cdn.shopify.com/s/files/1/0513/3775/6828/files/OneStep_Blemish_Pad_06__2.jpg?v=1774854088,https://cdn.shopify.com/s/files/1/0513/3775/6828/files/OneStep_Blemish_Pad_08__2.jpg?v=1774854088,https://cdn.shopify.com/s/files/1/0513/3775/6828/files/OneStep_Blemish_Pad_09_e238ecec-489f-4e50-bed9-9f949beb3061.jpg?v=1774854088,https://cdn.shopify.com/s/files/1/0513/3775/6828/files/OneStep_Blemish_Pad_11.jpg?v=1774854088,https://cdn.shopify.com/s/files/1/0513/3775/6828/files/OneStep_Blemish_Pad_13.jpg?v=1774854088,https://cdn.shopify.com/s/files/1/0513/3775/6828/files/OneStep_Blemish_Pad_14.jpg?v=1774854088,https://cdn.shopify.com/s/files/1/0513/3775/6828/files/OneStep_Blemish_Pad_18.jpg?v=1774854088,https://cdn.shopify.com/s/files/1/0513/3775/6828/files/OneStep_Blemish_Pad_19.jpg?v=1774854088","• White Willow Bark Water (77.7%) : A naturally derived extract from white willow bark that helps minimize the appearance of pores by gently removing excess sebum and dead skin cells, leaving skin feeling balanced and comfortable. • BHA + PHA + LHA : A multi-acid exfoliating complex that works from the skin's surface to around the pores, helping to visibly improve skin texture and support the look of minimized pores and managed sebum. • Zinc PCA : Helps manage excess oil and visibly reduce the look of shine, while supporting skin prone to pores, sebum, and uneven texture concerns.",
One Step Original Clear Pad,22.00,"https://cdn.shopify.com/s/files/1/0513/3775/6828/files/Original_Pad_0.jpg?v=1694078299,https://cdn.shopify.com/s/files/1/0513/3775/6828/files/Original_Pad_1.jpg?v=1694078301,https://cdn.shopify.com/s/files/1/0513/3775/6828/files/Original_Pad_2.jpg?v=1724836720,https://cdn.shopify.com/s/files/1/0513/3775/6828/files/Original_Pad_3.jpg?v=1694078305,https://cdn.shopify.com/s/files/1/0513/3775/6828/files/Original_Pad_4.jpg?v=1694078307,https://cdn.shopify.com/s/files/1/0513/3775/6828/files/Original_Pad_5.jpg?v=1694078308,https://cdn.shopify.com/s/files/1/0513/3775/6828/files/Original_Pad_6.jpg?v=1724836728,https://cdn.shopify.com/s/files/1/0513/3775/6828/files/Original_Pad_7.jpg?v=1694078312,https://cdn.shopify.com/s/files/1/0513/3775/6828/files/Original_Pad_8.jpg?v=1694078314,https://cdn.shopify.com/s/files/1/0513/3775/6828/files/Original_Pad_9.jpg?v=1724836734,https://cdn.shopify.com/s/files/1/0513/3775/6828/files/Original_Pad_10.jpg?v=1724836736,https://cdn.shopify.com/s/files/1/0513/3775/6828/files/Original_Pad_11.jpg?v=1724836738",• 85.9% Salix Alba(Willow) Bark Extract : Reduces breakouts & blemmishes • 1.0% Betaine Salicylate : Clears congested pores,
One Step Original Clear Skin Calming Pad,26.00,"https://cdn.shopify.com/s/files/1/0513/3775/6828/files/Thumb_Onestep_Calming_Pad_Gift_800x1067_af217f50-0053-49cb-9c1e-2b370bc0fd1a.jpg?v=1787038427,https://cdn.shopify.com/s/files/1/0513/3775/6828/files/OneStep_Calming_Pad_03.jpg?v=1774854164,https://cdn.shopify.com/s/files/1/0513/3775/6828/files/OneStep_Calming_Pad_04.jpg?v=1774854164,https://cdn.shopify.com/s/files/1/0513/3775/6828/files/OneStep_Calming_Pad_05.jpg?v=1774854164,https://cdn.shopify.com/s/files/1/0513/3775/6828/files/OneStep_Calming_Pad_06.jpg?v=1774854164,https://cdn.shopify.com/s/files/1/0513/3775/6828/files/OneStep_Calming_Pad_07.jpg?v=1774854164,https://cdn.shopify.com/s/files/1/0513/3775/6828/files/OneStep_Calming_Pad_08.jpg?v=1774854164,https://cdn.shopify.com/s/files/1/0513/3775/6828/files/OneStep_Calming_Pad_09.jpg?v=1774854164,https://cdn.shopify.com/s/files/1/0513/3775/6828/files/OneStep_Calming_Pad_11.jpg?v=1774854164,https://cdn.shopify.com/s/files/1/0513/3775/6828/files/OneStep_Calming_Pad_13.jpg?v=1774854164,https://cdn.shopify.com/s/files/1/0513/3775/6828/files/OneStep_Calming_Pad_18.jpg?v=1774854164,https://cdn.shopify.com/s/files/1/0513/3775/6828/files/OneStep_Calming_Pad_19.jpg?v=1774854164,https://cdn.shopify.com/s/files/1/0513/3775/6828/files/OneStep_Calming_Pad_00.jpg?v=1774854164","• Green Tea Water (82%) : A naturally derived extract crafted from green tea leaves, rich in antioxidants to help soothe the look of redness and calm the feel of sensitive skin. • Centella Asiatica Complex + Centella Extract A soothing botanical blend formulated with four active Centella components—Asiaticoside, Madecassoside, Madecassic Acid, and Asiatic Acid—to help calm visible irritation and support skin resilience. • PHA & LHA : Gently exfoliates to help smooth skin texture, suitable for sensitive skin. PHA attracts moisture while softening the surface; LHA gradually refines the look of texture and pores.",
One Step Original Peptide Collagen Lifting Glow Pad,26.00,"https://cdn.shopify.com/s/files/1/0513/3775/6828/files/Thumb_Onestep_Peptide_Pad_Gift_800x1067_1b513f93-82ca-4685-9338-c14a9c92b1a4.jpg?v=1787038478,https://cdn.shopify.com/s/files/1/0513/3775/6828/files/03_75314a75-75e6-4051-8d7f-700b69ef8e53.webp?v=1774854217,https://cdn.shopify.com/s/files/1/0513/3775/6828/files/04_7d9d306d-f4fe-49d9-b100-5463c55aaafa.webp?v=1774854217,https://cdn.shopify.com/s/files/1/0513/3775/6828/files/06.webp?v=1774854217,https://cdn.shopify.com/s/files/1/0513/3775/6828/files/07.webp?v=1774854217,https://cdn.shopify.com/s/files/1/0513/3775/6828/files/08.webp?v=1774854217,https://cdn.shopify.com/s/files/1/0513/3775/6828/files/09.webp?v=1774854217,https://cdn.shopify.com/s/files/1/0513/3775/6828/files/10.webp?v=1774854217,https://cdn.shopify.com/s/files/1/0513/3775/6828/files/11.webp?v=1774854217,https://cdn.shopify.com/s/files/1/0513/3775/6828/files/12.webp?v=1774854217,https://cdn.shopify.com/s/files/1/0513/3775/6828/files/13.webp?v=1774854217,https://cdn.shopify.com/s/files/1/0513/3775/6828/files/14.webp?v=1774854217,https://cdn.shopify.com/s/files/1/0513/3775/6828/files/19.webp?v=1774854217,https://cdn.shopify.com/s/files/1/0513/3775/6828/files/21.webp?v=1774854217,https://cdn.shopify.com/s/files/1/0513/3775/6828/files/22.webp?v=1774854217,https://cdn.shopify.com/s/files/1/0513/3775/6828/files/1_800x1067_40e9bec3-18f2-4c99-9778-941e17858fa3.webp?v=1774854217","• Triple Peptide Complex (Palmitoyl Tripeptide-5, Acetyl Hexapeptide-8, Copper Tripeptide-1) : Each peptide targets a specific concern —supporting the look of firmness and radiance, visibly smoothing expression-induced texture, and helping maintain the look of balanced, resilient skin. • 6-Molecular Collagen Complex : Higher-weight molecules help lock in moisture for a visibly supple feel on the surface, while lower-weight molecules help condition and visibly refine the look of uneven texture.",
One Step Original Tone Clarifying Moisture Pad,26.00,"https://cdn.shopify.com/s/files/1/0513/3775/6828/files/Thumb_Onestep_Moisture_Pad_Gift_800x1067_f20941ed-645e-4113-a7d0-60e57f68c16c.jpg?v=1787038451,https://cdn.shopify.com/s/files/1/0513/3775/6828/files/One-Step_Moisture_Pad_03.webp?v=1774854127,https://cdn.shopify.com/s/files/1/0513/3775/6828/files/One-Step_Moisture_Pad_04.webp?v=1774854127,https://cdn.shopify.com/s/files/1/0513/3775/6828/files/One-Step_Moisture_Pad_05.webp?v=1774854127,https://cdn.shopify.com/s/files/1/0513/3775/6828/files/One-Step_Moisture_Pad_06.webp?v=1774854127,https://cdn.shopify.com/s/files/1/0513/3775/6828/files/One-Step_Moisture_Pad_07.webp?v=1774854127,https://cdn.shopify.com/s/files/1/0513/3775/6828/files/One-Step_Moisture_Pad_09.webp?v=1774854127,https://cdn.shopify.com/s/files/1/0513/3775/6828/files/One-Step_Moisture_Pad_10.webp?v=1774854127,https://cdn.shopify.com/s/files/1/0513/3775/6828/files/One-Step_Moisture_Pad_11.webp?v=1774854127,https://cdn.shopify.com/s/files/1/0513/3775/6828/files/One-Step_Moisture_Pad_12.webp?v=1774854127,https://cdn.shopify.com/s/files/1/0513/3775/6828/files/One-Step_Moisture_Pad_14.webp?v=1774854127,https://cdn.shopify.com/s/files/1/0513/3775/6828/files/One-Step_Moisture_Pad_16.webp?v=1774854127,https://cdn.shopify.com/s/files/1/0513/3775/6828/files/One-Step_Moisture_Pad_21.webp?v=1774854127,https://cdn.shopify.com/s/files/1/0513/3775/6828/files/One-Step_Moisture_Pad_22.webp?v=1774854127,https://cdn.shopify.com/s/files/1/0513/3775/6828/files/One-Step_Moisture_Pad_00.webp?v=1774854127","• Rice Water 69% : A nature-derived extract helps maintain the skin's moisture balance while supporting a more even-looking skin tone. • 10-Type Hyaluronic Acid Complex : Amulti-molecular blend that helps attract and lock in moisture for deep hydration, leaving skin feeling lastingly plump and supple. • Panthenol & Pantothenic Acid : A Pro-Vitamin B5 duo that helps soothe the feel of dryness, calm visible irritation, and support skin resilience. • Tone Brightening Quartet (Niacinamide, Alpha-Arbutin, Vitamin C Derivative, Glutathione) : A multi-action brightening complex that helps visibly improve the appearance of uneven tone and dullness for a clearer, more radiant-looking complexion.",
One Step Original Toner Pad Case,3.00,"https://cdn.shopify.com/s/files/1/0513/3775/6828/files/Thumb_OnestepPadCase_01_800x1067_32a53bd4-b57d-4765-be5f-da2d30157c55.jpg?v=1787037462,https://cdn.shopify.com/s/files/1/0513/3775/6828/files/Thumb_OnestepPadCase_02_800x1067_0eadcb57-aade-4f61-9e66-c41bc7cdaab8.jpg?v=1787037462",,
PDRN Daily Routine Kit,71.00,https://cdn.shopify.com/s/files/1/0513/3775/6828/files/03_5PDRN_DailyRoutine_Kit_bfd28493-a098-4dda-8255-f322aa5c4e7f.jpg?v=1775202843,,
PDRN Full Routine Kit,86.00,https://cdn.shopify.com/s/files/1/0513/3775/6828/files/04_5PDRN_FullRoutine_Kit_b9cfb81b-2c89-468c-a368-9d240765701f.jpg?v=1775436983,,
PDRN Glass Skin Duo,42.00,https://cdn.shopify.com/s/files/1/0513/3775/6828/files/02_5PDRN_GlassSkin_Duo.jpg?v=1775202740,,
PDRN Premium Routine Kit,103.00,https://cdn.shopify.com/s/files/1/0513/3775/6828/files/05_5PDRN_PremiumRoutine_Kit.jpg?v=1775202740,,
PDRN Special Care Duo,38.00,https://cdn.shopify.com/s/files/1/0513/3775/6828/files/01_5PDRN_EyeCare_Duo_33f0ede6-319a-452d-a063-d99072a03d15.jpg?v=1775202930,,
Peptide & PDRN Eye Patch Duo,46.00,https://cdn.shopify.com/s/files/1/0513/3775/6828/files/eye-patch_peptide_pdrn_800x1067_640bb2c8-9b88-4a62-86ec-d53db2dee49e.jpg?v=1776763701,,
Peptide Plumping Eye Care Duo,51.00,https://cdn.shopify.com/s/files/1/0513/3775/6828/files/03_7fbbdc4f-4b59-4cdf-a9ed-a0e07f468491.webp?v=1764810037,,
Peptide Special Care Duo,38.00,https://cdn.shopify.com/s/files/1/0513/3775/6828/files/02_9cd95782-2a3d-466d-8465-a922a4c67925.webp?v=1764808652,,
Peptide-132 Hair Bonding Kit,69.00,"https://cdn.shopify.com/s/files/1/0513/3775/6828/files/260703__132_3__800x1067_d8f04d99-359c-40ed-886a-ec93ec78cdcd.webp?v=1783410428,https://cdn.shopify.com/s/files/1/0513/3775/6828/files/7__132-__800x1067_512bdd9b-6140-4f80-a00f-a393751a90c1.webp?v=1765445105",,
Peptide-132 Hair Home Care Duo,60.00,"https://cdn.shopify.com/s/files/1/0513/3775/6828/files/260703__132__800x1067_3fccb999-f8c2-486e-972e-2e66b3e4eb4b.webp?v=1783410428,https://cdn.shopify.com/s/files/1/0513/3775/6828/files/260703__132_2__800x1067_88212ed7-3f97-48ec-bb03-5acd7be1915d.webp?v=1783410428",,
Peptide-132 Hair Home Care Kit,97.00,"https://cdn.shopify.com/s/files/1/0513/3775/6828/files/260703__132_3__800x1067_9dfc473d-8cc3-4312-b4f1-144ead948491.jpg?v=1783410489,https://cdn.shopify.com/s/files/1/0513/3775/6828/files/260703__132_3__800x1067_8bd6df3a-4793-4ed7-bcce-824a91e3cc6a.jpg?v=1783410489",,
Plump & Hydrate Kit,86.00,"https://cdn.shopify.com/s/files/1/0513/3775/6828/files/4___800x1067_120fe6f5-32bd-48ca-992c-8e6ecadfabb9.webp?v=1765447957,https://cdn.shopify.com/s/files/1/0513/3775/6828/files/5___800x1067_0ceaaa05-bc40-4198-962f-7baef1f34903.webp?v=1765447966",,
Poreless Clarifying Charcoal Mask Pink,19.00,"https://cdn.shopify.com/s/files/1/0513/3775/6828/files/poreless-clarifying-charcoal-mask-pink-cosrx-official-1.jpg?v=1724836344,https://cdn.shopify.com/s/files/1/0513/3775/6828/files/poreless-clarifying-charcoal-mask-pink-cosrx-official-2.jpg?v=1724836346,https://cdn.shopify.com/s/files/1/0513/3775/6828/files/poreless-clarifying-charcoal-mask-pink-cosrx-official-3.jpg?v=1724836349,https://cdn.shopify.com/s/files/1/0513/3775/6828/files/poreless-clarifying-charcoal-mask-pink-cosrx-official-4.jpg?v=1724836351,https://cdn.shopify.com/s/files/1/0513/3775/6828/files/poreless-clarifying-charcoal-mask-pink-cosrx-official-5.jpg?v=1724836353,https://cdn.shopify.com/s/files/1/0513/3775/6828/files/poreless-clarifying-charcoal-mask-pink-cosrx-official-6.jpg?v=1724836355,https://cdn.shopify.com/s/files/1/0513/3775/6828/files/poreless-clarifying-charcoal-mask-pink-cosrx-official-7.jpg?v=1724836357,https://cdn.shopify.com/s/files/1/0513/3775/6828/files/poreless-clarifying-charcoal-mask-pink-cosrx-official-8.jpg?v=1724836359,https://cdn.shopify.com/s/files/1/0513/3775/6828/files/poreless-clarifying-charcoal-mask-pink-cosrx-official-9.jpg?v=1724836361,https://cdn.shopify.com/s/files/1/0513/3775/6828/files/poreless-clarifying-charcoal-mask-pink-cosrx-official-10.jpg?v=1724836364,https://cdn.shopify.com/s/files/1/0513/3775/6828/files/poreless-clarifying-charcoal-mask-pink-cosrx-official-11.jpg?v=1724836366,https://cdn.shopify.com/s/files/1/0513/3775/6828/files/poreless-clarifying-charcoal-mask-pink-cosrx-official-12.jpg?v=1724836368",,
Pure Fit Cica Calming True Sheet Mask,6.00,"https://cdn.shopify.com/s/files/1/0513/3775/6828/files/pure-fit-cica-calming-true-sheet-mask-cosrx-official-1.jpg?v=1724835917,https://cdn.shopify.com/s/files/1/0513/3775/6828/files/pure-fit-cica-calming-true-sheet-mask-cosrx-official-2.jpg?v=1724835920,https://cdn.shopify.com/s/files/1/0513/3775/6828/files/pure-fit-cica-calming-true-sheet-mask-cosrx-official-3.jpg?v=1724835922,https://cdn.shopify.com/s/files/1/0513/3775/6828/files/pure-fit-cica-calming-true-sheet-mask-cosrx-official-4.jpg?v=1724835924,https://cdn.shopify.com/s/files/1/0513/3775/6828/files/pure-fit-cica-calming-true-sheet-mask-cosrx-official-5.jpg?v=1724835926,https://cdn.shopify.com/s/files/1/0513/3775/6828/files/pure-fit-cica-calming-true-sheet-mask-cosrx-official-6.jpg?v=1724835928","• Pure Fit Cica-7 Complex : Soothes, regenerates, and restores sensitive skin",
Pure Fit Cica Clear Cleansing Oil,29.00,"https://cdn.shopify.com/s/files/1/0513/3775/6828/files/pure-fit-cica-clear-cleansing-oil-cosrx-official-1.jpg?v=1724836229,https://cdn.shopify.com/s/files/1/0513/3775/6828/files/pure-fit-cica-clear-cleansing-oil-cosrx-official-2.jpg?v=1724836231,https://cdn.shopify.com/s/files/1/0513/3775/6828/files/pure-fit-cica-clear-cleansing-oil-cosrx-official-3.jpg?v=1724836233,https://cdn.shopify.com/s/files/1/0513/3775/6828/files/pure-fit-cica-clear-cleansing-oil-cosrx-official-4.jpg?v=1724836235,https://cdn.shopify.com/s/files/1/0513/3775/6828/files/pure-fit-cica-clear-cleansing-oil-cosrx-official-5.jpg?v=1724836237",,6.67 fl.oz / 200mL
Pure Fit Cica Cream,32.00,"https://cdn.shopify.com/s/files/1/0513/3775/6828/files/pure-fit-cica-cream-cosrx-official-1.jpg?v=1724835235,https://cdn.shopify.com/s/files/1/0513/3775/6828/files/pure-fit-cica-cream-cosrx-official-2.jpg?v=1724835237,https://cdn.shopify.com/s/files/1/0513/3775/6828/files/pure-fit-cica-cream-cosrx-official-3.jpg?v=1724835239,https://cdn.shopify.com/s/files/1/0513/3775/6828/files/pure-fit-cica-cream-cosrx-official-4.jpg?v=1724835241,https://cdn.shopify.com/s/files/1/0513/3775/6828/files/pure-fit-cica-cream-cosrx-official-5.jpg?v=1724835244,https://cdn.shopify.com/s/files/1/0513/3775/6828/files/pure-fit-cica-cream-cosrx-official-6.jpg?v=1724835246,https://cdn.shopify.com/s/files/1/0513/3775/6828/files/pure-fit-cica-cream-cosrx-official-7.jpg?v=1724835248,https://cdn.shopify.com/s/files/1/0513/3775/6828/files/pure-fit-cica-cream-cosrx-official-8.jpg?v=1724835251",• 61.2% of CICA-7 Complex : Calm sensitive skin comfortably and help recover skin quickly,1.69 fl.oz / 50ml
Pure Fit Cica Cream Intense,32.00,"https://cdn.shopify.com/s/files/1/0513/3775/6828/files/pure-fit-cica-cream-intense-cosrx-official-1.jpg?v=1724836149,https://cdn.shopify.com/s/files/1/0513/3775/6828/files/pure-fit-cica-cream-intense-cosrx-official-2.jpg?v=1724836151,https://cdn.shopify.com/s/files/1/0513/3775/6828/files/pure-fit-cica-cream-intense-cosrx-official-3.jpg?v=1724836154,https://cdn.shopify.com/s/files/1/0513/3775/6828/files/pure-fit-cica-cream-intense-cosrx-official-4.jpg?v=1724836156,https://cdn.shopify.com/s/files/1/0513/3775/6828/files/pure-fit-cica-cream-intense-cosrx-official-5.jpg?v=1724836158,https://cdn.shopify.com/s/files/1/0513/3775/6828/files/pure-fit-cica-cream-intense-cosrx-official-6.jpg?v=1724836160,https://cdn.shopify.com/s/files/1/0513/3775/6828/files/pure-fit-cica-cream-intense-cosrx-official-7.jpg?v=1724836163,https://cdn.shopify.com/s/files/1/0513/3775/6828/files/pure-fit-cica-cream-intense-cosrx-official-8.jpg?v=1724836165,https://cdn.shopify.com/s/files/1/0513/3775/6828/files/pure-fit-cica-cream-intense-cosrx-official-9.jpg?v=1724836167",,
Pure Fit Cica Creamy Foam Cleanser,18.00,"https://cdn.shopify.com/s/files/1/0513/3775/6828/files/pure-fit-cica-creamy-foam-cleanser-cosrx-official-1.jpg?v=1724836245,https://cdn.shopify.com/s/files/1/0513/3775/6828/files/pure-fit-cica-creamy-foam-cleanser-cosrx-official-2.jpg?v=1724836247,https://cdn.shopify.com/s/files/1/0513/3775/6828/files/pure-fit-cica-creamy-foam-cleanser-cosrx-official-3.jpg?v=1724836249,https://cdn.shopify.com/s/files/1/0513/3775/6828/files/pure-fit-cica-creamy-foam-cleanser-cosrx-official-4.jpg?v=1724836251,https://cdn.shopify.com/s/files/1/0513/3775/6828/files/pure-fit-cica-creamy-foam-cleanser-cosrx-official-5.jpg?v=1724836253,https://cdn.shopify.com/s/files/1/0513/3775/6828/files/pure-fit-cica-creamy-foam-cleanser-cosrx-official-6.jpg?v=1724836256,https://cdn.shopify.com/s/files/1/0513/3775/6828/files/pure-fit-cica-creamy-foam-cleanser-cosrx-official-7.jpg?v=1724836258,https://cdn.shopify.com/s/files/1/0513/3775/6828/files/pure-fit-cica-creamy-foam-cleanser-cosrx-official-8.jpg?v=1724836260","• Pure Fit Cica - 7 Complex  : Compound of 7 centella components specialized in protecting and soothing delicate, fragile skin • 91% natural ingredients : Removes impurities with a mild yet powerful cleansing effect",5.07 fl.oz / 150ml
Radiant Glow Kit,73.00,"https://cdn.shopify.com/s/files/1/0513/3775/6828/files/1210__._23.__800x1067_81fbdf0f-ca0e-4451-a830-8f740fb04f04.jpg?v=1765427573,https://cdn.shopify.com/s/files/1/0513/3775/6828/files/1210____._23.__800x1067_0d35d473-22ca-4270-95a2-42ddcbf8b7f2.jpg?v=1765427573",,
Refresh ABC Daily Toner (AHA BHA Vitamin C),28.00,"https://cdn.shopify.com/s/files/1/0513/3775/6828/files/refresh-abc-daily-toner-aha-bha-vitamin-c-cosrx-official-1.jpg?v=1724835175,https://cdn.shopify.com/s/files/1/0513/3775/6828/files/refresh-abc-daily-toner-aha-bha-vitamin-c-cosrx-official-2.jpg?v=1771984847,https://cdn.shopify.com/s/files/1/0513/3775/6828/files/refresh-abc-daily-toner-aha-bha-vitamin-c-cosrx-official-3.jpg?v=1771984847,https://cdn.shopify.com/s/files/1/0513/3775/6828/files/refresh-abc-daily-toner-aha-bha-vitamin-c-cosrx-official-4.jpg?v=1771984847,https://cdn.shopify.com/s/files/1/0513/3775/6828/files/refresh-abc-daily-toner-aha-bha-vitamin-c-cosrx-official-5.jpg?v=1771984847,https://cdn.shopify.com/s/files/1/0513/3775/6828/files/refresh-abc-daily-toner-aha-bha-vitamin-c-cosrx-official-6.jpg?v=1771984847,https://cdn.shopify.com/s/files/1/0513/3775/6828/files/refresh-abc-daily-toner-aha-bha-vitamin-c-cosrx-official-7.jpg?v=1771984847,https://cdn.shopify.com/s/files/1/0513/3775/6828/files/refresh-abc-daily-toner-aha-bha-vitamin-c-cosrx-official-8.jpg?v=1724835192,https://cdn.shopify.com/s/files/1/0513/3775/6828/files/refresh-abc-daily-toner-aha-bha-vitamin-c-cosrx-official-9.jpg?v=1771984847","• 62% COSRX GOLDEN-RX Complex : Utilizes fruit peels that are often discarded but are in fact more nutritious than the fruit itself (Pitahaya Extract, Kiwi Extract) • AHA (16% apple water) + BHA (17% white willow bark water) : Remove accumulated dead skin cells and vitamin C to revitalize tired skin","9.46 fl.oz / 280mL,5.07 fl.oz / 150ml,1.69 fl.oz / 50ml"
Skin Barrier & Glow Routine Duo,52.00,https://cdn.shopify.com/s/files/1/0513/3775/6828/files/BluePeptideSerum_SnailEssence.jpg?v=1782717031,,
Slow-Aging Kit,84.00,"https://cdn.shopify.com/s/files/1/0513/3775/6828/files/1210__._.__800x1067_fe0b4375-9c6e-44e0-a409-72549cef2cc5.jpg?v=1765428830,https://cdn.shopify.com/s/files/1/0513/3775/6828/files/slow-aging.jpg?v=1765428830",,
Snail Mucin Eye Care Duo,56.00,"https://cdn.shopify.com/s/files/1/0513/3775/6828/files/Snail_800x1067_2b42a900-b49e-4908-a2aa-6c4c8c81603a.jpg?v=1724837185,https://cdn.shopify.com/s/files/1/0513/3775/6828/files/Christmas_800x1067_3C.webp?v=1716971749",,
Snail Mucin Trio,69.00,"https://cdn.shopify.com/s/files/1/0513/3775/6828/files/1_SNAIL_TRIO_06353103-d748-402c-8d2f-8025ab99677b.jpg?v=1716971739,https://cdn.shopify.com/s/files/1/0513/3775/6828/files/Christmas_800x1067_2C.jpg?v=1716971741,https://cdn.shopify.com/s/files/1/0513/3775/6828/files/SnailTrio_1.jpg?v=1716971743,https://cdn.shopify.com/s/files/1/0513/3775/6828/files/SnailTrio_2.jpg?v=1724837166",,
The 6 Peptide Skin Booster Serum,25.00,"https://cdn.shopify.com/s/files/1/0513/3775/6828/files/THE_6_PEPTIDE_SKIN_BOOSTER_SERUM___800x1067_1.webp?v=1784097536,https://cdn.shopify.com/s/files/1/0513/3775/6828/files/The6_Peptid_Serum_1.jpg?v=1765432487,https://cdn.shopify.com/s/files/1/0513/3775/6828/files/The6_Peptid_Serum_2.jpg?v=1765432487,https://cdn.shopify.com/s/files/1/0513/3775/6828/files/The6_Peptid_Serum_3.jpg?v=1765432487,https://cdn.shopify.com/s/files/1/0513/3775/6828/files/The6_Peptid_Serum_4.jpg?v=1765432487,https://cdn.shopify.com/s/files/1/0513/3775/6828/files/The6_Peptid_Serum_5_2.jpg?v=1765432487,https://cdn.shopify.com/s/files/1/0513/3775/6828/files/The6_Peptid_Serum_6.jpg?v=1765432487,https://cdn.shopify.com/s/files/1/0513/3775/6828/files/The6_Peptid_Serum_9.jpg?v=1774586420,https://cdn.shopify.com/s/files/1/0513/3775/6828/files/The6_Peptid_Serum_10.jpg?v=1774586420,https://cdn.shopify.com/s/files/1/0513/3775/6828/files/The6_Peptid_Serum_11.jpg?v=1774586420,https://cdn.shopify.com/s/files/1/0513/3775/6828/files/The6_Peptid_Serum_12.jpg?v=1774586420,https://cdn.shopify.com/s/files/1/0513/3775/6828/files/The6_Peptid_Serum_13.jpg?v=1774586420,https://cdn.shopify.com/s/files/1/0513/3775/6828/files/The6_Peptid_Serum_15.jpg?v=1774586420,https://cdn.shopify.com/s/files/1/0513/3775/6828/files/The6_Peptide_Serum_16.jpg?v=1772785652,https://cdn.shopify.com/s/files/1/0513/3775/6828/files/The6_Peptid_Serum_17.jpg?v=1772785652,https://cdn.shopify.com/s/files/1/0513/3775/6828/files/The6_Peptid_Serum_18.jpg?v=1772785652,https://cdn.shopify.com/s/files/1/0513/3775/6828/files/The6_Peptid_Serum_19.jpg?v=1772785652,https://cdn.shopify.com/s/files/1/0513/3775/6828/files/The6_Peptid_Serum_20_3d8d1439-d63e-41a8-8af9-d1f3d34fdb02.jpg?v=1772785652,https://cdn.shopify.com/s/files/1/0513/3775/6828/products/2_9869768e-5a58-4bdf-a788-f2fa1427b8bd.webp?v=1772785652,https://cdn.shopify.com/s/files/1/0513/3775/6828/products/4____23.webp?v=1772785652,https://cdn.shopify.com/s/files/1/0513/3775/6828/products/3.webp?v=1772785652,https://cdn.shopify.com/s/files/1/0513/3775/6828/products/5_a90928b5-107d-4a3a-a243-44a952a59a4c.webp?v=1772785652,https://cdn.shopify.com/s/files/1/0513/3775/6828/files/dff5c594087fa4f61d10102ee9f0024a.webp?v=1772785652,https://cdn.shopify.com/s/files/1/0513/3775/6828/files/01__AD_C_23_8998780b-3124-400e-95c8-b9a619cc13ca.jpg?v=1772785652,https://cdn.shopify.com/s/files/1/0513/3775/6828/files/Peptide_Serum_50ml.jpg?v=1782716946,https://cdn.shopify.com/s/files/1/0513/3775/6828/files/1_23a79a66-a967-4533-9e71-cd88b0c6efb2.jpg?v=1724837008",,"150mL (5.07 fl.oz),50mL (1.69 fl. oz)"
The 6 Peptide Skin Booster Serum - 2 Pack,50.00,"https://cdn.shopify.com/s/files/1/0513/3775/6828/files/THE_6_PEPTIDE_SKIN_BOOSTER_SERUM___800x1067_1.webp?v=1784097536,https://cdn.shopify.com/s/files/1/0513/3775/6828/files/The6_Peptide_Serum_1.jpg?v=1786070297,https://cdn.shopify.com/s/files/1/0513/3775/6828/files/The6_Peptide_Serum_10.jpg?v=1786070295,https://cdn.shopify.com/s/files/1/0513/3775/6828/files/The6_Peptide_Serum_11.jpg?v=1786070295,https://cdn.shopify.com/s/files/1/0513/3775/6828/files/The6_Peptide_Serum_12.jpg?v=1786070295,https://cdn.shopify.com/s/files/1/0513/3775/6828/files/The6_Peptide_Serum_13.jpg?v=1786070296,https://cdn.shopify.com/s/files/1/0513/3775/6828/files/The6_Peptide_Serum_15.jpg?v=1786070296,https://cdn.shopify.com/s/files/1/0513/3775/6828/files/The6_Peptide_Serum_16_4be8a8b1-52aa-4fbb-b496-6464d3ae19f2.jpg?v=1786070296,https://cdn.shopify.com/s/files/1/0513/3775/6828/files/The6_Peptide_Serum_17.jpg?v=1786070295,https://cdn.shopify.com/s/files/1/0513/3775/6828/files/The6_Peptide_Serum_18.jpg?v=1786070296,https://cdn.shopify.com/s/files/1/0513/3775/6828/files/The6_Peptide_Serum_19.jpg?v=1786070296,https://cdn.shopify.com/s/files/1/0513/3775/6828/files/The6_Peptide_Serum_20.jpg?v=1786070296,https://cdn.shopify.com/s/files/1/0513/3775/6828/files/The6_Peptide_Serum_21.jpg?v=1786070297,https://cdn.shopify.com/s/files/1/0513/3775/6828/files/The6_Peptide_Serum_3.jpg?v=1786070296,https://cdn.shopify.com/s/files/1/0513/3775/6828/files/The6_Peptide_Serum_6.jpg?v=1786070295,https://cdn.shopify.com/s/files/1/0513/3775/6828/files/The6_Peptide_Serum_7.jpg?v=1786070295,https://cdn.shopify.com/s/files/1/0513/3775/6828/files/The6_Peptide_Serum_9.jpg?v=1786070295,https://cdn.shopify.com/s/files/1/0513/3775/6828/files/800x800_The6_Peptide_Serum.jpg?v=1786070297,https://cdn.shopify.com/s/files/1/0513/3775/6828/files/The6_Peptide_Serum_2.jpg?v=1786070297,https://cdn.shopify.com/s/files/1/0513/3775/6828/files/The6_Peptide_Serum_4.jpg?v=1786070297,https://cdn.shopify.com/s/files/1/0513/3775/6828/files/The6_Peptide_Serum_5_2.jpg?v=1786070297",,
The AHA 2 BHA 2 Blemish Treatment Serum,23.00,"https://cdn.shopify.com/s/files/1/0513/3775/6828/files/AHA2BHA2_Treatment_00_0ee6119d-bd30-4aa2-b7f6-3ecf59cc7151.jpg?v=1778462937,https://cdn.shopify.com/s/files/1/0513/3775/6828/files/AHA2BHA2_Treatment_04_0b5b66c2-5252-4a11-a604-75705472830f.jpg?v=1778061970,https://cdn.shopify.com/s/files/1/0513/3775/6828/files/AHA2BHA2_Blemish_03__2.jpg?v=1741592927,https://cdn.shopify.com/s/files/1/0513/3775/6828/files/AHA2BHA2_Blemish_05_2.jpg?v=1741592927,https://cdn.shopify.com/s/files/1/0513/3775/6828/files/AHA2BHA2_Treatment_06_63af588a-be9d-4c24-be82-41c6e3bd1b51.jpg?v=1778061970,https://cdn.shopify.com/s/files/1/0513/3775/6828/files/AHA2BHA2_Treatment_07_c12b7fb6-f951-4463-b662-367ac4e9ab9d.jpg?v=1778061971,https://cdn.shopify.com/s/files/1/0513/3775/6828/files/AHA2BHA2_Treatment_09_b0cb800f-c5ac-4df8-94cd-1d216c7dbc44.jpg?v=1778061970,https://cdn.shopify.com/s/files/1/0513/3775/6828/files/AHA2BHA2_Blemish_11_2.jpg?v=1741592927,https://cdn.shopify.com/s/files/1/0513/3775/6828/files/AHA2BHA2_Treatment_10_fe0dd321-4e5a-45a5-9707-7ecbd65486c6.jpg?v=1778061970,https://cdn.shopify.com/s/files/1/0513/3775/6828/files/AHA2BHA2_Blemish_12_2.jpg?v=1741592927,https://cdn.shopify.com/s/files/1/0513/3775/6828/files/AHA2BHA2_Treatment_11_2c7b4470-0cf8-4b41-9dce-da4c1b9fea81.jpg?v=1778061970,https://cdn.shopify.com/s/files/1/0513/3775/6828/files/AHA2BHA2_Blemish_14_2.jpg?v=1741592927",,
The AHA BHA PHA LHA 35 Peel,19.00,"https://cdn.shopify.com/s/files/1/0513/3775/6828/files/The_35peel_0.webp?v=1724836979,https://cdn.shopify.com/s/files/1/0513/3775/6828/files/The_35peel_1B.webp?v=1697445072,https://cdn.shopify.com/s/files/1/0513/3775/6828/files/The_35peel_2.webp?v=1697445075,https://cdn.shopify.com/s/files/1/0513/3775/6828/files/The_35peel_3.webp?v=1724836985,https://cdn.shopify.com/s/files/1/0513/3775/6828/files/The_35peel_18.webp?v=1724836987,https://cdn.shopify.com/s/files/1/0513/3775/6828/files/The_35peel_5.webp?v=1724836988,https://cdn.shopify.com/s/files/1/0513/3775/6828/files/The_35peel_6.webp?v=1724836990,https://cdn.shopify.com/s/files/1/0513/3775/6828/files/The_35peel_7.webp?v=1697445085,https://cdn.shopify.com/s/files/1/0513/3775/6828/files/The_35peel_8.webp?v=1724836994,https://cdn.shopify.com/s/files/1/0513/3775/6828/files/The_35peel_9.webp?v=1697445089,https://cdn.shopify.com/s/files/1/0513/3775/6828/files/The_35peel_11_2.webp?v=1697445091,https://cdn.shopify.com/s/files/1/0513/3775/6828/files/The_35peel_12.webp?v=1697445093,https://cdn.shopify.com/s/files/1/0513/3775/6828/files/The_35peel_13.webp?v=1697445095,https://cdn.shopify.com/s/files/1/0513/3775/6828/files/The_35peel_14.webp?v=1724837003,https://cdn.shopify.com/s/files/1/0513/3775/6828/files/The_35peel_17.webp?v=1724837005,https://cdn.shopify.com/s/files/1/0513/3775/6828/files/The_35peel_15.webp?v=1724837006","• 35% multi-acids : AHA, a water-soluble exfoliant with, rough&bumpy texture. Oil-soluble BHA penetrates pores to unclog, refine, and soothe. PHAs and LHAs are not only just a gentle exfoliator, these are also comfort moisturizers. • Vitamin-Trio : Vitamin B5, Vitamin B12, and Vitamin E reduce irritation that can be associated with acid use and added protection.",
The Alpha-Arbutin 2 Discoloration Care Serum,25.00,"https://cdn.shopify.com/s/files/1/0513/3775/6828/files/Alpha-Albutin_800x1067_9f78595b-1e4f-4147-a56c-aade2a3286da.jpg?v=1726731345,https://cdn.shopify.com/s/files/1/0513/3775/6828/files/The_Alpha-arbutin_2_Serum_01.jpg?v=1726731347,https://cdn.shopify.com/s/files/1/0513/3775/6828/files/The_Alpha-arbutin_2_Serum_02.jpg?v=1726731349,https://cdn.shopify.com/s/files/1/0513/3775/6828/files/The_Alpha-arbutin_2_Serum_03.jpg?v=1726731351,https://cdn.shopify.com/s/files/1/0513/3775/6828/files/The-Alpha_arbutin_2_Serum_19__2_A.jpg?v=1731391956,https://cdn.shopify.com/s/files/1/0513/3775/6828/files/The_Alpha-arbutin_2_Serum_04.jpg?v=1726731353,https://cdn.shopify.com/s/files/1/0513/3775/6828/files/The_Alpha-arbutin_2_Serum_05__2.jpg?v=1726731355,https://cdn.shopify.com/s/files/1/0513/3775/6828/files/The_Alpha-arbutin_2_Serum_06__3.jpg?v=1726731357,https://cdn.shopify.com/s/files/1/0513/3775/6828/files/The_Alpha-arbutin_2_Serum_07__2.jpg?v=1726731359,https://cdn.shopify.com/s/files/1/0513/3775/6828/files/The_Alpha-arbutin_2_Serum_09__2.jpg?v=1726731361,https://cdn.shopify.com/s/files/1/0513/3775/6828/files/The_Alpha-arbutin_2_Serum_10.jpg?v=1726731363,https://cdn.shopify.com/s/files/1/0513/3775/6828/files/The_Alpha-arbutin_2_Serum_11.jpg?v=1726731365,https://cdn.shopify.com/s/files/1/0513/3775/6828/files/The_Alpha-arbutin_2_Serum_12__2.jpg?v=1726731367,https://cdn.shopify.com/s/files/1/0513/3775/6828/files/The_Alpha-arbutin_2_Serum_13.jpg?v=1726731369,https://cdn.shopify.com/s/files/1/0513/3775/6828/files/The_Alpha-arbutin_2_Serum_14.jpg?v=1726731371,https://cdn.shopify.com/s/files/1/0513/3775/6828/files/The_Alpha-arbutin_2_Serum_15.jpg?v=1726731373,https://cdn.shopify.com/s/files/1/0513/3775/6828/files/The_Alpha-arbutin_2_Serum_16.jpg?v=1726731374,https://cdn.shopify.com/s/files/1/0513/3775/6828/files/The_Alpha-arbutin_2_Serum_17.jpg?v=1726731376,https://cdn.shopify.com/s/files/1/0513/3775/6828/files/The_Alpha-arbutin_2_Serum_18__2.jpg?v=1726731378","A powerful blend of key ingredients offer ""Multi-target solution"" • Main : Alpha-Arbutin Tranexamic Acid Niacinamide N-Acetylglucosamine (NAG) • Synergistic : Ferulic Acid Glutathione",
The Blue Peptide Bakuchiol Plump Duo,55.00,"https://cdn.shopify.com/s/files/1/0513/3775/6828/files/TheBluePeptideSerum_Cream_Gift_01_800x1067_8218eab6-00fd-423f-b05d-e30c04154d38.jpg?v=1787038347,https://cdn.shopify.com/s/files/1/0513/3775/6828/files/BluePeptideSerum_Cream.jpg?v=1782717004",,
The Ceramide Skin Barrier Moisturizer,23.00,"https://cdn.shopify.com/s/files/1/0513/3775/6828/files/Skinbarrier_Moisturizer_800x1067_shape.jpg?v=1752553177,https://cdn.shopify.com/s/files/1/0513/3775/6828/files/Skinbarrier_Moisturizer_02__2.jpg?v=1752553177,https://cdn.shopify.com/s/files/1/0513/3775/6828/files/Skinbarrier_Moisturizer_03__2.jpg?v=1752553177,https://cdn.shopify.com/s/files/1/0513/3775/6828/files/Skinbarrier_Moisturizer_04.jpg?v=1752553177,https://cdn.shopify.com/s/files/1/0513/3775/6828/files/Skinbarrier_Moisturizer_01__5.webp?v=1756458228,https://cdn.shopify.com/s/files/1/0513/3775/6828/files/Skinbarrier_Moisturizer_06.jpg?v=1756458228,https://cdn.shopify.com/s/files/1/0513/3775/6828/files/Skinbarrier_Moisturizer_07.jpg?v=1784611688,https://cdn.shopify.com/s/files/1/0513/3775/6828/files/Skinbarrier_Moisturizer_08B-1.jpg?v=1756458228,https://cdn.shopify.com/s/files/1/0513/3775/6828/files/Skinbarrier_Moisturizer_08B-2.jpg?v=1756458228,https://cdn.shopify.com/s/files/1/0513/3775/6828/files/Skinbarrier_Moisturizer_10__2.jpg?v=1756458228,https://cdn.shopify.com/s/files/1/0513/3775/6828/files/Skinbarrier_Moisturizer_11__2.jpg?v=1756458228,https://cdn.shopify.com/s/files/1/0513/3775/6828/files/Skinbarrier_Moisturizer_13__3.jpg?v=1756458228,https://cdn.shopify.com/s/files/1/0513/3775/6828/files/Skinbarrier_Moisturizer_12.jpg?v=1784611688,https://cdn.shopify.com/s/files/1/0513/3775/6828/files/Skinbarrier_Moisturizer_15.jpg?v=1756458228,https://cdn.shopify.com/s/files/1/0513/3775/6828/files/Skinbarrier_Moisturizer_16.jpg?v=1756458228,https://cdn.shopify.com/s/files/1/0513/3775/6828/files/Skinbarrier_Moisturizer_17.jpg?v=1756458228,https://cdn.shopify.com/s/files/1/0513/3775/6828/files/Skinbarrier_Moisturizer_18__1.jpg?v=1784611688",,
The Ceramide Skin Barrier Moisturizing Mist,24.00,"https://cdn.shopify.com/s/files/1/0513/3775/6828/files/Skinbarrier_Mist_00_484b9ebd-d4b7-4386-9752-e56852ae7773.webp?v=1755070277,https://cdn.shopify.com/s/files/1/0513/3775/6828/files/Skinbarrier_Mist_01__2.webp?v=1755070277,https://cdn.shopify.com/s/files/1/0513/3775/6828/files/Skinbarrier_Mist_03__2.webp?v=1755070277,https://cdn.shopify.com/s/files/1/0513/3775/6828/files/Skinbarrier_Mist_04__2.webp?v=1755070277,https://cdn.shopify.com/s/files/1/0513/3775/6828/files/Skinbarrier_Mist_05__2.webp?v=1755070277,https://cdn.shopify.com/s/files/1/0513/3775/6828/files/Skinbarrier_Mist_06.webp?v=1755070277,https://cdn.shopify.com/s/files/1/0513/3775/6828/files/Skinbarrier_Mist_07.webp?v=1755070277,https://cdn.shopify.com/s/files/1/0513/3775/6828/files/Skinbarrier_Mist_08__2.webp?v=1755070277,https://cdn.shopify.com/s/files/1/0513/3775/6828/files/Skinbarrier_Mist_11__3.webp?v=1755070277,https://cdn.shopify.com/s/files/1/0513/3775/6828/files/Skinbarrier_Mist_12__3.webp?v=1755070277,https://cdn.shopify.com/s/files/1/0513/3775/6828/files/Skinbarrier_Mist_14__2.webp?v=1755070277,https://cdn.shopify.com/s/files/1/0513/3775/6828/files/Skinbarrier_Mist_15.webp?v=1755070277,https://cdn.shopify.com/s/files/1/0513/3775/6828/files/Skinbarrier_Mist_16__2.webp?v=1755070277,https://cdn.shopify.com/s/files/1/0513/3775/6828/files/Skinbarrier_Mist_17.webp?v=1755070277,https://cdn.shopify.com/s/files/1/0513/3775/6828/files/Skinbarrier_Mist_18.webp?v=1755070277,https://cdn.shopify.com/s/files/1/0513/3775/6828/files/Skinbarrier_Mist_19.webp?v=1755070277,https://cdn.shopify.com/s/files/1/0513/3775/6828/files/Skinbarrier_Mist_20__4.webp?v=1755070277",,
The Hyaluronic Acid 3 Serum,25.00,"https://cdn.shopify.com/s/files/1/0513/3775/6828/files/the-hyaluronic-acid-3-serum-cosrx-official-1.jpg?v=1724836664,https://cdn.shopify.com/s/files/1/0513/3775/6828/files/the-hyaluronic-acid-3-serum-cosrx-official-2.jpg?v=1724836666,https://cdn.shopify.com/s/files/1/0513/3775/6828/files/the-hyaluronic-acid-3-serum-cosrx-official-3.jpg?v=1724836668,https://cdn.shopify.com/s/files/1/0513/3775/6828/files/the-hyaluronic-acid-3-serum-cosrx-official-4.jpg?v=1724836671,https://cdn.shopify.com/s/files/1/0513/3775/6828/files/the-hyaluronic-acid-3-serum-cosrx-official-5.jpg?v=1724836673,https://cdn.shopify.com/s/files/1/0513/3775/6828/files/the-hyaluronic-acid-3-serum-cosrx-official-6.jpg?v=1724836675,https://cdn.shopify.com/s/files/1/0513/3775/6828/files/the-hyaluronic-acid-3-serum-cosrx-official-7.jpg?v=1724836677,https://cdn.shopify.com/s/files/1/0513/3775/6828/files/the-hyaluronic-acid-3-serum-cosrx-official-8.jpg?v=1724836679,https://cdn.shopify.com/s/files/1/0513/3775/6828/files/the-hyaluronic-acid-3-serum-cosrx-official-9.jpg?v=1724836682,https://cdn.shopify.com/s/files/1/0513/3775/6828/files/the-hyaluronic-acid-3-serum-cosrx-official-10.jpg?v=1724836684,https://cdn.shopify.com/s/files/1/0513/3775/6828/files/the-hyaluronic-acid-3-serum-cosrx-official-11.jpg?v=1724836686,https://cdn.shopify.com/s/files/1/0513/3775/6828/files/the-hyaluronic-acid-3-serum-cosrx-official-12.jpg?v=1724836688,https://cdn.shopify.com/s/files/1/0513/3775/6828/files/the-hyaluronic-acid-3-serum-cosrx-official-13.jpg?v=1724836690,https://cdn.shopify.com/s/files/1/0513/3775/6828/files/the-hyaluronic-acid-3-serum-cosrx-official-14.jpg?v=1724836693",• Hyaluronic Acid : Recharges the skin with hydration alleviating dryness and restoring the skin's moisture balance • NMF (Amino acid complex) : Improves skin barrier protecting against dryness and dehydration • Ceramide : Protects the skin from external stressors,
The Niacinamide 15 Serum,25.00,"https://cdn.shopify.com/s/files/1/0513/3775/6828/files/niacin.png?v=1748420816,https://cdn.shopify.com/s/files/1/0513/3775/6828/files/the-niacinamide-15-serum-cosrx-official-2.jpg?v=1748420816,https://cdn.shopify.com/s/files/1/0513/3775/6828/files/the-niacinamide-15-serum-cosrx-official-3.jpg?v=1748420816,https://cdn.shopify.com/s/files/1/0513/3775/6828/files/The_Niacinamade15_16.jpg?v=1757381343,https://cdn.shopify.com/s/files/1/0513/3775/6828/files/the-niacinamide-15-serum-cosrx-official-5.jpg?v=1757381343,https://cdn.shopify.com/s/files/1/0513/3775/6828/files/the-niacinamide-15-serum-cosrx-official-6.jpg?v=1757381343,https://cdn.shopify.com/s/files/1/0513/3775/6828/files/the-niacinamide-15-serum-cosrx-official-7.png?v=1757381343,https://cdn.shopify.com/s/files/1/0513/3775/6828/files/the-niacinamide-15-serum-cosrx-official-8.jpg?v=1757381343,https://cdn.shopify.com/s/files/1/0513/3775/6828/files/the-niacinamide-15-serum-cosrx-official-9.jpg?v=1757381343,https://cdn.shopify.com/s/files/1/0513/3775/6828/files/the-niacinamide-15-serum-cosrx-official-10.jpg?v=1757381343,https://cdn.shopify.com/s/files/1/0513/3775/6828/files/the-niacinamide-15-serum-cosrx-official-12.jpg?v=1757381343,https://cdn.shopify.com/s/files/1/0513/3775/6828/files/The_Niacinamade15_13.jpg?v=1757381343,https://cdn.shopify.com/s/files/1/0513/3775/6828/files/the-niacinamide-15-serum-cosrx-official-13.jpg?v=1757381343,https://cdn.shopify.com/s/files/1/0513/3775/6828/files/the-niacinamide-15-serum-cosrx-official-14.jpg?v=1757381343,https://cdn.shopify.com/s/files/1/0513/3775/6828/files/the-niacinamide-15-serum-cosrx-official-15.jpg?v=1757381343",,
The Peptide Collagen Hydrogel Eye Patch,23.00,"https://cdn.shopify.com/s/files/1/0513/3775/6828/files/Hydrogel_Eye_patch_800x1067_c02f7788-3288-4bd7-bbdb-232b9f4de72c.webp?v=1785303430,https://cdn.shopify.com/s/files/1/0513/3775/6828/files/Hydrogel_Eye_patch_1.jpg?v=1768284034,https://cdn.shopify.com/s/files/1/0513/3775/6828/files/Hydrogel_Eye_patch_2.jpg?v=1768284034,https://cdn.shopify.com/s/files/1/0513/3775/6828/files/Hydrogel_Eye_patch_3.jpg?v=1768284034,https://cdn.shopify.com/s/files/1/0513/3775/6828/files/Hydrogel_Eye_patch_4.jpg?v=1768284034,https://cdn.shopify.com/s/files/1/0513/3775/6828/files/Hydrogel_Eye_patch_5.jpg?v=1768284034,https://cdn.shopify.com/s/files/1/0513/3775/6828/files/Hydrogel_Eye_patch_7.jpg?v=1768284034,https://cdn.shopify.com/s/files/1/0513/3775/6828/files/Hydrogel_Eye_patch_8.jpg?v=1768284034,https://cdn.shopify.com/s/files/1/0513/3775/6828/files/Hydrogel_Eye_patch_9__2.jpg?v=1768284034,https://cdn.shopify.com/s/files/1/0513/3775/6828/files/Hydrogel_Eye_patch_11.jpg?v=1768284034,https://cdn.shopify.com/s/files/1/0513/3775/6828/files/Hydrogel_Eye_patch_14__2_1.jpg?v=1768284034,https://cdn.shopify.com/s/files/1/0513/3775/6828/files/Hydrogel_Eye_patch_15.jpg?v=1768284034,https://cdn.shopify.com/s/files/1/0513/3775/6828/files/Hydrogel_Eye_patch_16.jpg?v=1768284034,https://cdn.shopify.com/s/files/1/0513/3775/6828/files/Hydrogel_Eye_patch_17.jpg?v=1768284034,https://cdn.shopify.com/s/files/1/0513/3775/6828/files/Hydrogel-Eye-patch3_800x1067_e01612cc-f037-4535-8587-9a0d68d4f857.png?v=1768284034",,
The Retinol 0.1 Cream,27.00,"https://cdn.shopify.com/s/files/1/0513/3775/6828/files/RetinolCream_800x1067_7e167f9b-dc45-4d41-babf-65b26b14cf23.jpg?v=1746679017,https://cdn.shopify.com/s/files/1/0513/3775/6828/files/the-retinol-0-1-cream-cosrx-official-2.jpg?v=1746679017,https://cdn.shopify.com/s/files/1/0513/3775/6828/files/the-retinol-0-1-cream-cosrx-official-3_b76f7278-3384-4c09-85a9-519bbe64dc28.jpg?v=1746679017,https://cdn.shopify.com/s/files/1/0513/3775/6828/files/the-retinol-0-1-cream-cosrx-official-4.jpg?v=1746679017,https://cdn.shopify.com/s/files/1/0513/3775/6828/files/the-retinol-0-1-cream-cosrx-official-5.jpg?v=1746679017,https://cdn.shopify.com/s/files/1/0513/3775/6828/files/the-retinol-0-1-cream-cosrx-official-6.jpg?v=1746679017,https://cdn.shopify.com/s/files/1/0513/3775/6828/files/the-retinol-0-1-cream-cosrx-official-7.jpg?v=1746679017,https://cdn.shopify.com/s/files/1/0513/3775/6828/files/the-retinol-0-1-cream-cosrx-official-8.jpg?v=1746679017,https://cdn.shopify.com/s/files/1/0513/3775/6828/files/the-retinol-0-1-cream-cosrx-official-9.jpg?v=1746679017,https://cdn.shopify.com/s/files/1/0513/3775/6828/files/TheRetinol03Cream_16_1136b916-20a5-4a7f-8ae9-031821cab2bb.webp?v=1746679017","for first-time retinol users just starting to notice the appearance of fine lines caused by dry skin. The perfect choice to prevent and correct early signs of aging before they set in. Size : 20ml / 0.67 fl. oz Select Option Single Single 2-Pack $27.00 Choose an option Single 2-Pack Quantity Minus Plus Add to Cart The Retinol 0.1 Cream
        - Single is backordered and will ship as soon as it is back in stock. Shop easier with Thanks for signing up for restock notifications! There was an error signing up for restock notifications. Please try again. NOTIFY WHEN AVAILABLE Notify Me Keep me up to date with news and exclusive offers Share Translation missing: en.general.social.share_on_x Pinterest Pin it Instagram Translation missing: en.general.social.share_on_instagram Translation missing: en.general.social.share_on_tiktok Translation missing: en.general.social.share_on_linkedin DETAILS Recommended for COSRX The Retinol 0.1 is ideal for first-time retinol users and those looking to prevent and correct early signs of aging. It is suitable for those concerned with wrinkles, fine lines, and loss of skin elasticity. It also benefits acne-prone skin by helping to reduce pore size and improve skin texture. Target concerns - Fine wrinkles - Anti-aging - Rough Texture - Uneven Skin Tone - Loss of Elasticity - Pores Texture Elastic, creamy texture that spreads softly over the skin HOW TO USE START SMALL AND SLOW! • After using essence or serum, pat a small amount using your ring finger. Apply evenly over the face, neck, and onto parts with wrinkle concerns. • Limit initial use to three times per week; gradually increase frequency to every other night, use as tolerated. * Have an ‘adaption period’ when using retinol WEEK 1~2 • Frequency : use every other day at night • How to Use : After cleansing, at the moisturizer step, apply a small amount to areas of concern. • e.g. under eyes, mouth, forehead and neck (Recommended amount : 0.1ml per section / 1 grain of rice) WEEK 3~ • Frequency : may apply everyday at night • How to use : After cleansing, at the moisturizer step, may spread over the entire face. * The ""building tolerance"" phase can be shortened or extended depending on individual differences. * Maintain this phase until no discomfort is experienced. * Gradually increase frequency and areas of application. INGREDIENTS KEY INGREDIENTS • Pure retinol (Vitamin A) : Decreases wrinkles and fine lines * Learn more about Retinol → • Panthenol : Protects and moisturizes skin from external stimuli • Adenosine : Skin cell activation. Improves elasticity and wrinkles • Tocotrienol (Super Vitamin E) : Reduces visible signs of aging and skin damage",
The Retinol 0.3 Cream,29.00,"https://cdn.shopify.com/s/files/1/0513/3775/6828/files/Retinol03Cream_800x1067_c88d3441-5851-4a65-8438-a93bbfb4f86b.webp?v=1724837060,https://cdn.shopify.com/s/files/1/0513/3775/6828/files/TheRetinol03Cream_01.webp?v=1765433392,https://cdn.shopify.com/s/files/1/0513/3775/6828/files/TheRetinol03Cream_02.webp?v=1765433392,https://cdn.shopify.com/s/files/1/0513/3775/6828/files/TheRetinol03Cream_03.webp?v=1765433392,https://cdn.shopify.com/s/files/1/0513/3775/6828/files/TheRetinol03Cream_04__1.webp?v=1765433392,https://cdn.shopify.com/s/files/1/0513/3775/6828/files/TheRetinol03Cream_05.webp?v=1765433392,https://cdn.shopify.com/s/files/1/0513/3775/6828/files/TheRetinol03Cream_06.webp?v=1765433392,https://cdn.shopify.com/s/files/1/0513/3775/6828/files/TheRetinol03Cream_07.webp?v=1765433392,https://cdn.shopify.com/s/files/1/0513/3775/6828/files/TheRetinol03Cream_08.webp?v=1765433392,https://cdn.shopify.com/s/files/1/0513/3775/6828/files/TheRetinol03Cream_09.webp?v=1765433392,https://cdn.shopify.com/s/files/1/0513/3775/6828/files/TheRetinol03Cream_10__1.webp?v=1765433392,https://cdn.shopify.com/s/files/1/0513/3775/6828/files/TheRetinol03Cream_11.webp?v=1765433392,https://cdn.shopify.com/s/files/1/0513/3775/6828/files/TheRetinol03Cream_12.webp?v=1765433392,https://cdn.shopify.com/s/files/1/0513/3775/6828/files/TheRetinol03Cream_13.webp?v=1765433392,https://cdn.shopify.com/s/files/1/0513/3775/6828/files/TheRetinol03Cream_14.webp?v=1765433392,https://cdn.shopify.com/s/files/1/0513/3775/6828/files/TheRetinol03Cream_15.webp?v=1765433392,https://cdn.shopify.com/s/files/1/0513/3775/6828/files/TheRetinol03Cream_16.webp?v=1765433392,https://cdn.shopify.com/s/files/1/0513/3775/6828/files/TheRetinol03Cream_17.webp?v=1765433392,https://cdn.shopify.com/s/files/1/0513/3775/6828/files/Peptide_retinol_0.webp?v=1765433392",• Pure retinol (Vitamin A) : Decreases wrinkles and fine lines * Learn more about Retinol → • Tocotrienol (Super Vitamin E) : Reduces visible signs of aging and skin damage • Panthenol : Improves skin's hydration and elasticity • Adenosine : Skin cell activation. Improves elasticity and wrinkles,
The Retinol 0.5 Oil,27.00,"https://cdn.shopify.com/s/files/1/0513/3775/6828/files/the-retinol-0-5-oil-cosrx-official-1.jpg?v=1724836571,https://cdn.shopify.com/s/files/1/0513/3775/6828/files/the-retinol-0-5-oil-cosrx-official-2.jpg?v=1724836574,https://cdn.shopify.com/s/files/1/0513/3775/6828/files/the-retinol-0-5-oil-cosrx-official-3.jpg?v=1724836576,https://cdn.shopify.com/s/files/1/0513/3775/6828/files/the-retinol-0-5-oil-cosrx-official-4.jpg?v=1724836578,https://cdn.shopify.com/s/files/1/0513/3775/6828/files/the-retinol-0-5-oil-cosrx-official-5.jpg?v=1724836580,https://cdn.shopify.com/s/files/1/0513/3775/6828/files/the-retinol-0-5-oil-cosrx-official-6.jpg?v=1724836582,https://cdn.shopify.com/s/files/1/0513/3775/6828/files/the-retinol-0-5-oil-cosrx-official-7.jpg?v=1724836584,https://cdn.shopify.com/s/files/1/0513/3775/6828/files/the-retinol-0-5-oil-cosrx-official-8.jpg?v=1724836587,https://cdn.shopify.com/s/files/1/0513/3775/6828/files/the-retinol-0-5-oil-cosrx-official-9.jpg?v=1724836589,https://cdn.shopify.com/s/files/1/0513/3775/6828/files/TheRetinol03Cream_16_5c25bd02-e692-474c-b171-4c499bd29146.webp?v=1699580195,https://cdn.shopify.com/s/files/1/0513/3775/6828/files/the-retinol-0-5-oil-cosrx-official-11.jpg?v=1724836593",,
The Vitamin C 13 Serum,21.00,"https://cdn.shopify.com/s/files/1/0513/3775/6828/files/The_VitaminC13_00.webp?v=1762850506,https://cdn.shopify.com/s/files/1/0513/3775/6828/files/The_VitaminC13_01__2.webp?v=1762850506,https://cdn.shopify.com/s/files/1/0513/3775/6828/files/VitaminC__-__1.jpg?v=1780659273,https://cdn.shopify.com/s/files/1/0513/3775/6828/files/The_VitaminC13_02.webp?v=1762850506,https://cdn.shopify.com/s/files/1/0513/3775/6828/files/The_VitaminC13_03.webp?v=1762850506,https://cdn.shopify.com/s/files/1/0513/3775/6828/files/The_VitaminC13_04.webp?v=1762850506,https://cdn.shopify.com/s/files/1/0513/3775/6828/files/The_VitaminC13_05.webp?v=1762850506,https://cdn.shopify.com/s/files/1/0513/3775/6828/files/The_VitaminC13_06.webp?v=1762850506,https://cdn.shopify.com/s/files/1/0513/3775/6828/files/The_VitaminC13_07.webp?v=1762850506,https://cdn.shopify.com/s/files/1/0513/3775/6828/files/The_VitaminC13_08__4.webp?v=1762850506,https://cdn.shopify.com/s/files/1/0513/3775/6828/files/The_VitaminC13_09.webp?v=1762850506,https://cdn.shopify.com/s/files/1/0513/3775/6828/files/The_VitaminC13_10.webp?v=1762850506,https://cdn.shopify.com/s/files/1/0513/3775/6828/files/The_VitaminC13_11.webp?v=1762850506,https://cdn.shopify.com/s/files/1/0513/3775/6828/files/The_VitaminC13_12.webp?v=1762850506,https://cdn.shopify.com/s/files/1/0513/3775/6828/files/The_VitaminC13_13.webp?v=1762850506,https://cdn.shopify.com/s/files/1/0513/3775/6828/files/The_VitaminC13_14.webp?v=1762850506,https://cdn.shopify.com/s/files/1/0513/3775/6828/files/The_VitaminC13_15.webp?v=1762850506,https://cdn.shopify.com/s/files/1/0513/3775/6828/files/The_VitaminC13_16.webp?v=1762850506,https://cdn.shopify.com/s/files/1/0513/3775/6828/files/The_VitaminC13_17.webp?v=1762850506,https://cdn.shopify.com/s/files/1/0513/3775/6828/files/The_VitaminC13_18.webp?v=1762850506,https://cdn.shopify.com/s/files/1/0513/3775/6828/files/The_VitaminC13_19.webp?v=1762850506",• 13% Pure Vitamin C : Improves discoloration and uneven skin tone. 💡 Learn More about Vitamin C → • Tocotrienol(Super Vitamin E) : Boasts up to 50 times greater anti-oxidizing efficacy than Tocopherol. • Hyaluronic Acid and Allantoin : Provides moisture and relieves irritation.,
Tone & Lift Glow Mask Duo,30.00,https://cdn.shopify.com/s/files/1/0513/3775/6828/files/05_f9749cb1-3f86-47ca-af0e-09a9f12b4ebb.webp?v=1764813176,,
Two in One Poreless Power Liquid,25.00,"https://cdn.shopify.com/s/files/1/0513/3775/6828/files/two-in-one-poreless-power-liquid-cosrx-official-1.jpg?v=1724835162,https://cdn.shopify.com/s/files/1/0513/3775/6828/files/two-in-one-poreless-power-liquid-cosrx-official-2.jpg?v=1724835164,https://cdn.shopify.com/s/files/1/0513/3775/6828/files/two-in-one-poreless-power-liquid-cosrx-official-3.jpg?v=1724835166,https://cdn.shopify.com/s/files/1/0513/3775/6828/files/two-in-one-poreless-power-liquid-cosrx-official-4.jpg?v=1724835169,https://cdn.shopify.com/s/files/1/0513/3775/6828/files/two-in-one-poreless-power-liquid-cosrx-official-5.jpg?v=1724835171,https://cdn.shopify.com/s/files/1/0513/3775/6828/files/two-in-one-poreless-power-liquid-cosrx-official-6.jpg?v=1724835173",• 88% White Willow Bark Water : Improve skin texture with natural BHA • 0.1% Betaine salicylate : Remove excess sebum,
Ultimate Nourishing Rice Overnight Spa Mask,18.00,"https://cdn.shopify.com/s/files/1/0513/3775/6828/files/ultimate-nourishing-rice-overnight-spa-mask-cosrx-official-1.jpg?v=1724836096,https://cdn.shopify.com/s/files/1/0513/3775/6828/files/800x1067_1.webp?v=1778477900,https://cdn.shopify.com/s/files/1/0513/3775/6828/files/800x1067_2.webp?v=1778477900,https://cdn.shopify.com/s/files/1/0513/3775/6828/files/800x1067_3.webp?v=1778477900,https://cdn.shopify.com/s/files/1/0513/3775/6828/files/800x1067_4.webp?v=1778477900,https://cdn.shopify.com/s/files/1/0513/3775/6828/files/800x1067_5.webp?v=1778477900,https://cdn.shopify.com/s/files/1/0513/3775/6828/files/800x1067_6.webp?v=1778477900",• 68.9% Rice extract : A well-known natural ingredient in Asia for toning and softening the skin,
Ultra-Light Invisible Sunscreen SPF50 PA++++,16.00,"https://cdn.shopify.com/s/files/1/0513/3775/6828/files/Ultra_light_invisible_800x1067_e5a058ed-afbb-4517-9516-58a1bf91b1aa.webp?v=1785303430,https://cdn.shopify.com/s/files/1/0513/3775/6828/files/Ultra_light_invisible_Sun_1_67b72102-93e5-431f-8ca7-450eec05fe5a.jpg?v=1716971740,https://cdn.shopify.com/s/files/1/0513/3775/6828/files/Ultra_light_invisible_Sun_3.jpg?v=1716862508,https://cdn.shopify.com/s/files/1/0513/3775/6828/files/Ultra_light_invisible_Sun_4.jpg?v=1716862508,https://cdn.shopify.com/s/files/1/0513/3775/6828/files/Ultra_light_invisible_Sun_7.jpg?v=1724837138,https://cdn.shopify.com/s/files/1/0513/3775/6828/files/Ultra_light_invisible_Sun_9.jpg?v=1716862508,https://cdn.shopify.com/s/files/1/0513/3775/6828/files/Ultra_light_invisible_Sun_17.jpg?v=1724837142,https://cdn.shopify.com/s/files/1/0513/3775/6828/files/Ultra_light_invisible_Sun_17_902e676e-e3ce-4fae-aaf8-1696d2e66226.jpg?v=1724837144,https://cdn.shopify.com/s/files/1/0513/3775/6828/files/Ultra_light_invisible_Sun_13.jpg?v=1724837146,https://cdn.shopify.com/s/files/1/0513/3775/6828/files/Ultra_light_invisible_Sun_10.jpg?v=1716862508,https://cdn.shopify.com/s/files/1/0513/3775/6828/files/Ultra_light_invisible_Sun_12.jpg?v=1716862508,https://cdn.shopify.com/s/files/1/0513/3775/6828/files/Ultra_light_invisible_Sun_14.jpg?v=1724837153,https://cdn.shopify.com/s/files/1/0513/3775/6828/files/Ultra_light_invisible_Sun_15.jpg?v=1716862508,https://cdn.shopify.com/s/files/1/0513/3775/6828/files/Ultra_light_invisible_Sun_16.jpg?v=1724837157",•  Aloe Barbadensis Leaf Water : Soothes the skin gently with moisture to alleviate heat •  Hamamelis Virginiana : Soothes the skin gently with moisture to alleviate heat •  Niacinamide : Prevents UV-induced pigmentation and controls sebum • Tocopherol : Antioxidant defense against UV damage,
Vitamin E Vitalizing Sunscreen SPF 50+,23.00,"https://cdn.shopify.com/s/files/1/0513/3775/6828/files/VitaminE_SunScreen_00.jpg?v=1778562098,https://cdn.shopify.com/s/files/1/0513/3775/6828/files/VitaminE_Suncream_1_2.jpg?v=1721103764,https://cdn.shopify.com/s/files/1/0513/3775/6828/files/vitamin-e-vitalizing-sunscreen-spf-50-cosrx-official-3.gif?v=1720086134,https://cdn.shopify.com/s/files/1/0513/3775/6828/files/vitamin-e-vitalizing-sunscreen-spf-50-cosrx-official-4.jpg?v=1724836744,https://cdn.shopify.com/s/files/1/0513/3775/6828/files/vitamin-e-vitalizing-sunscreen-spf-50-cosrx-official-5.jpg?v=1724836747,https://cdn.shopify.com/s/files/1/0513/3775/6828/files/vitamin-e-vitalizing-sunscreen-spf-50-cosrx-official-6.jpg?v=1724836749,https://cdn.shopify.com/s/files/1/0513/3775/6828/files/vitamin-e-vitalizing-sunscreen-spf-50-cosrx-official-7.jpg?v=1724836751,https://cdn.shopify.com/s/files/1/0513/3775/6828/files/vitamin-e-vitalizing-sunscreen-spf-50-cosrx-official-8.jpg?v=1724836753,https://cdn.shopify.com/s/files/1/0513/3775/6828/files/vitamin-e-vitalizing-sunscreen-spf-50-cosrx-official-9.jpg?v=1724836756,https://cdn.shopify.com/s/files/1/0513/3775/6828/files/vitamin-e-vitalizing-sunscreen-spf-50-cosrx-official-10.jpg?v=1724836758,https://cdn.shopify.com/s/files/1/0513/3775/6828/files/vitamin-e-vitalizing-sunscreen-spf-50-cosrx-official-11.jpg?v=1724836760,https://cdn.shopify.com/s/files/1/0513/3775/6828/files/vitamin-e-vitalizing-sunscreen-spf-50-cosrx-official-12.jpg?v=1724836762,https://cdn.shopify.com/s/files/1/0513/3775/6828/files/vitamin-e-vitalizing-sunscreen-spf-50-cosrx-official-13.jpg?v=1724836765",,
